0,1,2,3,4,5,0
1,0,0,133.15,1.3117,1620.2,0
1,0,0,126.72,1.3027,1609.3,0
1,0,0,131.17,1.319,1569,0
1,0,0,129.48,1.2709,1695.1,0
1,0,0,127.26,1.3296,1647.7,0
1,0,0,131.06,1.3104,2027.2,0
1,0,0,138.44,1.3799,1918.8,0
1,0,0,129.35,1.3056,1547.3,0
1,0,0,139.54,1.3747,1871.1,0
1,0,0,132.63,1.3744,1884.7,0
1,0,0,128.68,1.3194,1624,0
1,0,0,129.35,1.2109,1635,0
1,0,0,141.07,1.3362,2180.6,0
1,0,0,130.81,1.2489,1627.7,0
1,0,0,131.87,1.2991,1677.2,0
1,0,0,128.62,1.2259,1517,0
1,0,0,127.13,1.2703,1739.3,0
1,0,0,135.85,1.3669,1640.2,0
1,0,0,127.76,1.3622,1549.7,0
1,0,0,134.32,1.302,1785.1,0
1,0,0,127.92,1.3275,1560.6,0
1,0,0,128.8,1.2426,1519.8,0
1,0,0,132.42,1.237,1655.2,0
1,0,0,129.29,1.2554,1590,0
1,0,0,136.11,1.2721,1819,0
1,0,0,131.32,1.2625,1662.4,0
1,0,0,134.26,1.2774,1655.2,0
1,0,0,134.51,1.363,1745.6,0
1,0,0,131.7,1.3372,1855.1,0
1,0,0,134.82,1.2491,1623.2,0
1,0,0,130.32,1.258,1679.9,0
1,0,0,128.47,1.3043,1668.8,0
1,0,0,129.82,1.2964,1791.8,0
1,0,0,123.27,1.1756,1647.6,0
1,0,0,123.34,1.3432,1700.9,0
1,0,0,133.03,1.2509,1718.4,0
1,0,0,129.16,1.2346,1630.9,0
1,0,0,133.23,1.3696,1747.3,0
1,0,0,130.16,1.2877,1668.6,0
1,0,0,123.89,1.2882,1664.2,0
1,0,0,130.69,1.3436,1685.1,0
1,0,0,122.45,1.2129,1618.5,0
1,0,0,127.95,1.318,1595.6,0
1,0,0,132.98,1.3028,1628.7,0
1,0,0,128.92,1.219,1648.7,0
1,0,0,136.23,1.3299,1877.6,0
1,0,0,134.82,1.277,1897.2,0
1,0,0,134.25,1.2854,1949.6,0
1,0,0,125.14,1.2985,1622.2,0
1,0,0,130.58,1.2687,1596.8,0
1,0,0,124.38,1.3648,1788.2,0
1,0,0,134.8,1.2922,1619.9,0
1,0,0,124.14,1.2636,1560,0
1,0,0,128.12,1.239,1508.2,0
1,0,0,127.77,1.2326,1604.8,0
1,0,0,131.2,1.2878,1697.7,0
1,0,0,128.86,1.2702,1632.6,0
1,0,0,133.28,1.2911,1777,0
1,0,0,133.31,1.3077,1829.5,0
1,0,0,126.77,1.3421,1730,0
1,0,0,127.95,1.3241,1652.7,0
1,0,0,129.55,1.3205,1764.7,0
1,0,0,127.65,1.27,1653.8,0
1,0,0,132.79,1.3003,1549.3,0
1,0,0,130.16,1.4281,1849,0
1,0,0,136.82,1.2691,1799.9,0
1,0,0,133.02,1.2947,1813.3,0
1,0,0,135.3,1.3068,1690.1,0
1,0,0,125.31,1.2831,1573.4,0
1,0,0,135.86,1.3409,1733.3,0
1,0,0,130.96,1.349,1755.4,0
1,0,0,130.14,1.2931,1601.6,0
1,0,0,125,1.2181,1692.2,0
1,0,0,128.92,1.201,1605.4,0
1,0,0,134.02,1.3451,1871.8,0
1,0,0,129.68,1.2736,1830.1,0
1,0,0,128.67,1.2722,1640.8,0
1,0,0,127,1.2666,1542.5,0
1,0,0,132.68,1.3266,1617.7,0
1,0,0,123.95,1.2393,1634.7,0
1,0,0,130.23,1.3171,1669.7,0
1,0,0,128.97,1.3111,1752.9,0
1,0,0,124.43,1.2766,1701.6,0
1,0,0,132.22,1.263,1758,0
1,0,0,131.8,1.3088,1767,0
1,0,0,127.46,1.2924,1609,0
1,0,0,130.58,1.2171,1620.6,0
1,0,0,126.28,1.2105,1514.4,0
1,0,0,125.6,1.1643,1497.8,0
1,0,0,130.66,1.3596,1859.8,0
1,0,0,134.94,1.2646,1611.2,0
1,0,0,130.64,1.2163,1601.1,0
1,0,0,126.96,1.2758,1608.7,0
1,0,0,136.65,1.2737,1712.4,0
1,0,0,136.39,1.3866,1885.1,0
1,0,0,133.3,1.3542,1880.5,0
1,0,0,125.19,1.1966,1607.2,0
1,0,0,128.42,1.3344,1634.1,0
1,0,0,125.07,1.274,1558.7,0
1,0,0,131.37,1.3587,1638.4,0
1,0,0,134.01,1.27,1759,0
1,0,0,134.24,1.3602,2267.9,0
1,0,0,131.55,1.2944,1768.8,0
1,0,0,134.75,1.3226,1753.2,0
1,0,0,133.46,1.2967,1568.9,0
1,0,0,134.39,1.2794,1651.9,0
1,0,0,123.24,1.3657,2097.2,0
1,0,0,121.99,1.3034,2022.7,0
1,0,0,127.07,1.1825,1636.6,0
1,0,0,126.88,1.2277,1707.5,0
1,0,0,131.93,1.2518,1555.9,0
1,0,0,136.6,1.3272,1711.7,0
1,0,0,129.16,1.264,1537.4,0
1,0,0,131.79,1.2237,1713.4,0
1,0,0,132.41,1.2903,1694.7,0
1,0,0,129.33,1.3063,1847.2,0
1,0,0,125.44,1.2982,1591.5,0
1,0,0,130.28,1.2986,1705,0
1,0,0,129.1,1.2765,1664.2,0
1,0,0,128.3,1.2451,1544,0
1,0,0,131.49,1.3672,1914.1,0
1,0,0,134.49,1.296,1728.1,0
1,0,0,132.6,1.3167,1694.2,0
1,0,0,135.06,1.252,1652.3,0
1,0,0,132.61,1.2742,1740.2,0
1,0,0,132.6,1.3741,1632,0
1,0,0,134.82,1.3679,1872.5,0
1,0,0,128.74,1.2921,1698.5,0
1,0,0,127.82,1.4611,1782.5,0
1,0,0,136.91,1.4122,2092.5,0
1,0,0,121.57,1.2481,1530.2,0
1,0,0,139.67,1.4633,2154.4,0
1,0,0,131.26,1.2611,1719.1,0
1,0,0,127.96,1.2891,1586.7,0
1,0,0,122.3,1.2589,1669.4,0
0,2,0,231.28,2.3871,15216,0
1,0,0,131.54,1.3558,1831.2,0
1,0,0,124.02,1.221,1455,0
1,0,0,129.4,1.3104,1731,0
1,0,0,132.54,1.2742,1658.8,0
1,0,0,135.43,1.2665,1795.5,0
1,0,0,130.52,1.3684,1861.5,0
1,0,0,128.27,1.236,1795,0
1,0,0,131.93,1.3563,1623.2,0
1,0,0,133.59,1.3834,1666.2,0
1,0,0,136.64,1.3023,1759.9,0
1,0,0,139.97,1.3133,1997.3,0
1,0,0,131.62,1.2781,1881.5,0
1,0,0,131.26,1.237,1638.1,0
1,0,0,127.88,1.3279,1631.6,0
1,0,0,134.27,1.271,1794.4,0
1,0,0,133.38,1.2727,1567.1,0
1,0,0,130.96,1.2792,1751,0
1,0,0,129.85,1.2991,1551,0
1,0,0,136.98,1.3086,1963.7,0
1,0,0,126.88,1.2262,1606.8,0
1,0,0,130.09,1.3329,1734.8,0
1,0,0,127.15,1.2195,1521,0
1,0,0,126.39,1.2654,1803.3,0
1,0,0,131.07,1.2464,1796,0
1,0,0,127.44,1.1937,1628.8,0
1,0,0,132.47,1.3279,1731.6,0
1,0,0,128.8,1.283,1566.9,0
1,0,0,137.88,1.3616,1769.9,0
0,2,0,218.3,2.2294,9370.7,0
1,0,0,135.98,1.3035,1854,0
1,0,0,127,1.1922,1629.1,0
1,0,0,126.19,1.2089,1580.8,0
1,0,0,129.89,1.2867,1782.9,0
1,0,0,129.36,1.2178,1597.3,0
1,0,0,135.74,1.2799,1949.6,0
1,0,0,136.09,1.4954,1717.3,0
1,0,0,121.66,1.318,1720.4,0
1,0,0,144.02,1.3438,2256.7,0
1,0,0,129.05,1.3391,1605,0
1,0,0,130.51,1.3489,1608.5,0
1,0,0,137.82,1.2931,1945,0
1,0,0,128.15,1.2124,1726.8,0
1,0,0,127.87,1.2301,1640.2,0
1,0,0,135.04,1.3873,1924.8,0
1,0,0,122.9,1.202,1439.5,0
1,0,0,128.35,1.2003,1496.4,0
1,0,0,126.78,1.2574,1604.5,0
1,0,0,132.41,1.3117,1836.5,0
1,0,0,125.17,1.1809,1541.4,0
1,0,0,131.62,1.2538,1853.7,0
1,0,0,135.18,1.2862,1671,0
1,0,0,128.5,1.3389,1715.1,0
1,0,0,128.8,1.2138,1650.6,0
0,2,0,209.42,2.0275,13099,0
1,0,0,127.14,1.1922,1613.2,0
1,0,0,133.46,1.2474,1628.8,0
1,0,0,134.26,1.3052,1675.5,0
1,0,0,126.94,1.2905,1733,0
1,0,0,133.08,1.2633,1767.4,0
1,0,0,130.08,1.2974,1680.5,0
1,0,0,132.12,1.3919,1653.6,0
1,0,0,131.49,1.2412,1614.9,0
1,0,0,131.56,1.2633,1544.1,0
1,0,0,125.22,1.2442,1602.8,0
0,2,0,136.19,1.4521,3334.1,1
0,2,0,136.81,1.4443,3560.9,1
0,2,0,130.08,1.5762,3396.5,1
0,3,1,144.03,1.4956,5471.8,1
0,3,1,141.47,1.516,5416.7,1
0,2,0,126.56,1.4281,3068.6,1
0,2,0,153.22,1.6031,5853.1,1
0,2,0,145.65,1.4035,4165.5,1
0,3,1,146.38,1.3818,2991.4,1
0,2,0,130.58,1.2333,2197.1,1
0,3,1,141.22,1.4041,4416.1,1
0,3,1,146.56,1.5323,5572.1,1
0,3,1,145.46,1.3663,3670.6,1
0,3,1,139.24,1.4449,3672.3,1
0,2,0,138.53,1.2927,3228.3,1
0,2,0,130.51,1.3217,2872.5,1
0,2,0,128.02,1.4332,3643.7,1
0,2,0,137.62,1.3284,3366.2,1
0,2,0,130.57,1.2481,2838.3,1
0,2,0,128.54,1.5475,3634.4,1
0,2,0,136.1,1.3391,3045.2,1
0,2,0,129.29,1.2576,2621.7,1
0,2,0,137.17,1.2813,2916.3,1
0,3,1,133.96,1.3141,3187.3,1
0,2,0,140.17,1.4095,3187.6,1
0,2,0,137.61,1.3515,3213.8,1
0,2,0,139.2,1.4301,3566.4,1
0,2,0,134.13,1.294,2989.6,1
0,3,1,141.94,1.4282,4126,1
0,2,0,132.41,1.2811,2728.2,1
0,2,0,137.62,1.3395,2890.3,1
0,3,1,143.38,1.3768,3845.8,1
0,2,0,132.09,1.2826,2831.1,1
0,3,1,133.33,1.4833,4427.3,1
0,2,0,126.74,1.2373,2610.7,1
0,4,4,155.07,1.513,4419.6,1
0,4,2,136.19,1.4743,3943.7,1
0,3,1,137.72,1.4954,4753.7,1
0,2,0,142.39,1.4036,3740.2,1
0,2,0,127.28,1.2478,2630.6,1
0,3,1,140.31,1.4886,5247.8,1
0,2,0,122.85,1.4378,2607.9,1
0,3,1,142.69,1.517,4909.9,1
0,2,0,144.15,1.2878,2574.9,1
0,2,0,136.09,1.3406,3582.1,1
0,3,1,153.91,1.3555,4170.9,1
0,3,1,135.16,1.2956,2982.1,1
0,2,0,141.53,1.4214,4289.4,1
0,2,0,130.86,1.2437,2298,1
0,2,0,132.22,1.2931,2762.7,1
0,2,0,132.72,1.2857,2755.1,1
0,2,0,130.14,1.1685,1942.1,1
0,2,0,138.91,1.4076,3432.5,1
0,2,0,130.07,1.4724,3410.5,1
0,2,0,133.99,1.3019,2844.4,1
0,2,0,146.6,1.4845,5011.1,1
0,3,1,139.58,1.3147,4147.6,1
0,3,1,136.08,1.4753,4657.6,1
0,3,1,128.78,1.3381,3486.9,1
0,2,0,133.21,1.2889,2416.3,1
0,2,0,145.45,1.3535,3350.7,1
0,3,1,144.98,1.3842,4001.2,1
0,2,0,136.5,1.2914,2286.8,1
0,3,1,139.66,1.3843,4088.1,1
0,3,1,138.04,1.2866,3490,1
0,3,1,142.83,1.4445,3980.2,1
0,2,0,138.03,1.3285,2935.4,1
0,3,1,135.62,1.3467,3253.9,1
0,3,1,150.35,1.7657,6730.2,1
0,2,0,137.75,1.2783,3213,1
0,3,1,136.58,1.3513,3404,1
0,3,1,136.29,1.3164,2755.2,1
0,2,0,145.06,1.2895,3239.7,1
0,3,1,129.99,1.2312,2034.5,1
0,3,1,135.48,1.3117,3767.8,1
0,2,0,135.3,1.2918,2295.1,1
0,3,1,136.32,1.4321,3775.7,1
0,2,0,146.23,1.3758,3240,1
0,3,1,131.17,1.3042,3276.9,1
0,3,1,135.2,1.3535,3880.5,1
0,2,0,135.47,1.3002,3061.8,1
0,2,0,148.76,1.6759,4918.6,1
0,3,1,142.5,1.6066,5119.4,1
0,2,0,137.68,1.496,4395.6,1
0,3,1,140.08,1.4841,4474.2,1
0,2,0,137.17,1.2913,3030.4,1
0,3,1,130.82,1.3188,3223.9,1
0,2,0,132.47,1.3841,3238.8,1
0,3,1,139.58,1.2982,3055.2,1
0,3,1,136.62,1.4044,3771.6,1
0,2,0,140.19,1.3637,2843,1
0,3,1,132.6,1.2668,3294.5,1
0,2,0,139.69,1.5213,4354.3,1
1,2,2,124,1.3817,2819.7,1
0,2,0,137.54,1.2778,2668.6,1
0,3,1,143.98,1.5243,4804.8,1
0,3,1,137.6,1.3689,4152.1,1
0,2,0,142.71,1.3412,3359.6,1
0,2,0,139.42,1.3611,2385.1,1
0,2,0,143.63,1.4236,3550.8,1
0,3,1,140.57,1.3375,3745.5,1
0,2,0,139.26,1.2411,2250.3,1
0,3,1,146.59,1.4117,4624.5,1
0,2,0,132.58,1.3349,3552.8,1
0,3,1,157.32,1.7515,6955,1
0,3,1,138.27,1.3442,2626.2,1
0,3,1,135.14,1.4257,4135,1
0,2,0,138.63,1.5912,4811.3,1
0,2,0,139.95,1.3533,3198.1,1
0,3,1,137.23,1.4279,4220.6,1
0,3,1,133.72,1.332,3389.7,1
0,3,1,127.47,1.4465,3753.6,1
0,2,0,129.02,1.4104,3052.2,1
0,3,1,141.61,1.3583,4615.5,1
0,3,1,135.66,1.3035,3242.3,1
0,2,0,144.47,1.3518,3132.8,1
0,3,1,142.53,1.4084,4734.2,1
0,2,0,133.8,1.3221,2805.5,1
0,3,1,135.29,1.3494,3449.6,1
0,2,0,125.53,1.4493,3027.6,1
0,2,0,132.77,1.2862,2900.3,1
0,2,0,137.72,1.2816,2761.9,1
0,3,1,144.4,1.5255,5269.6,1
0,3,0,139.39,1.38,3790.1,1
0,3,1,135.69,1.3326,3541,1
0,2,0,143.88,1.5576,4703.3,1
0,2,0,134.6,1.3259,3491.2,1
0,3,5,150.54,1.6017,4951.5,1
0,2,0,141.71,1.4549,4056.3,1
0,3,1,139.68,1.5479,3766.5,1
0,2,0,136.15,1.4905,4092.1,1
0,2,0,140.99,1.221,2197.9,1
0,2,0,138.64,1.4076,3198.8,1
0,2,0,136.99,1.3405,3297,1
0,2,0,128.12,1.385,3126.3,1
0,2,0,141.02,1.3173,2880.8,1
0,3,1,142.69,1.36,3636.2,1
0,3,1,143.17,1.3861,4104.3,1
0,2,0,134.42,1.3746,3432.4,1
0,3,1,143.83,1.4593,5085.8,1
0,2,0,132.29,1.3072,3196.3,1
0,2,0,130.36,1.2827,2429.4,1
0,2,0,140.13,1.3503,3655.6,1
0,2,0,133.29,1.3252,3081.3,1
0,2,0,128.82,1.4786,3001.2,1
0,2,0,130.04,1.2929,2827.8,1
0,3,1,131.74,1.3123,3356,1
0,2,0,130.09,1.4157,3100.8,1
0,2,0,146.7,1.4161,4380.5,1
0,3,1,132.38,1.2893,3256.7,1
0,2,0,134.35,1.2827,3345.7,1
0,2,0,129.26,1.2612,2454.2,1
0,2,0,136.09,1.2883,3050,1
0,3,1,145.27,1.4607,4527.3,1
0,3,1,141.88,1.4916,4718.6,1
0,2,0,131.29,1.2521,2973,1
0,2,0,137.06,1.3372,3381.3,1
0,3,1,132.98,1.2836,3294.2,1
0,2,0,127.55,1.2818,2914.5,1
0,3,1,134.01,1.3425,3413,1
0,2,0,129.06,1.391,2890.5,1
0,3,1,156.03,1.526,5673.8,1
0,3,1,143.03,1.3518,4163.4,1
0,2,0,130.35,1.236,2389.4,1
0,2,0,144.45,1.3538,3793.8,1
0,3,1,147.64,1.6849,6336.3,1
0,2,0,133.38,1.2906,2397.6,1
0,2,0,133.93,1.2573,3290,1
0,3,1,152.25,1.5368,5779.5,1
0,2,0,144.58,1.3461,3621,1
0,2,0,160.79,1.728,6309.7,1
0,2,0,163.22,1.7007,6735.7,1
0,2,0,133.75,1.2881,2821.7,1
0,3,1,145.2,1.4977,5041.7,1
0,2,0,139.06,1.3616,3739.7,1
0,2,0,131.55,1.2804,2864.3,1
0,3,1,136.57,1.3596,3654.5,1
0,3,1,135.06,1.3038,3247,1
0,2,0,135.98,1.2179,2378.9,1
0,2,0,123.34,1.4386,2738.4,1
0,2,0,132.87,1.2722,3383.8,1
0,2,0,140.61,1.3333,3467.2,1
0,2,0,136.82,1.2739,2779.2,1
0,2,0,131.4,1.2432,2260.2,1
0,3,1,142.27,1.3839,4014.6,1
0,2,0,134.61,1.3164,2984.8,1
0,3,1,142.08,1.3178,3822.7,1
0,2,0,136.14,1.4621,3576.9,1
0,3,1,136.67,1.335,3090.6,1
0,2,0,136.87,1.3386,3119.8,1
0,2,0,152.47,1.5312,4676.6,1
0,2,0,137.8,1.4018,3648.3,1
0,2,0,133.86,1.2854,2644.1,1
0,2,0,133.32,1.2649,2606.9,1
0,2,0,134.84,1.2609,2511.2,1
0,2,0,130.82,1.3299,2834.5,1
0,3,1,135.51,1.4417,4255.4,1
0,2,0,135.15,1.4044,3247.4,1
0,2,0,137.6,1.4974,3810.4,1
0,3,1,148.4,1.4566,4637.8,1
0,2,0,180.08,2.0654,10384,2
0,2,0,194.71,2.0775,10845,2
0,2,0,197.73,2.1614,11864,2
0,2,0,184.72,1.7467,9651.5,2
0,2,0,186.13,1.9394,10791,2
0,2,0,183.45,1.9246,9915.5,2
0,2,0,194.02,2.0555,10945,2
0,2,0,171.37,1.9383,8498.5,2
0,2,0,165.55,1.6973,6475,2
0,2,0,212.36,2.4058,13239,2
0,2,0,189.91,1.9614,10495,2
0,2,0,157.89,1.7564,6514.9,2
0,2,0,161.77,1.7285,7202,2
0,3,1,177.02,1.8702,9013.1,2
0,2,0,187.11,1.9287,9843.1,2
0,2,0,223.3,2.5588,13018,2
0,3,1,192.65,2.0169,11262,2
0,2,0,189.5,2.1452,10720,2
0,2,0,188.31,2.1064,11225,2
0,2,0,183.07,2.0944,11135,2
0,2,0,194.71,2.026,11045,2
0,2,0,204.38,2.1238,12498,2
0,3,1,206.19,2.0656,12718,2
0,2,0,166.21,1.9222,7927.7,2
0,2,0,197.26,2.0899,9520.7,2
0,2,0,188.26,1.9987,9546.5,2
0,3,1,184.49,2.0243,9561.2,2
0,2,0,168.84,1.9128,8950.9,2
0,2,0,197.87,2.0534,10906,2
0,2,0,187.75,2.0585,10847,2
0,2,0,193.26,2.0261,11077,2
0,2,0,200.94,2.1111,12116,2
0,2,0,194.86,1.9993,10878,2
0,2,0,189.1,2.0956,10525,2
0,2,0,207.82,2.1728,12274,2
0,2,0,187.01,1.9526,10193,2
0,2,0,191.15,1.9782,11158,2
0,2,0,188.52,1.9432,10355,2
0,2,0,196.55,1.9542,11508,2
0,2,0,182.71,1.9943,10370,2
0,2,0,174.97,2.0638,10287,2
0,2,0,195.88,2.0396,10008,2
0,2,0,190.56,2.1233,11295,2
0,2,0,193.07,1.9577,10292,2
0,3,1,152.49,1.7139,5908.1,2
0,2,0,197.13,1.9673,10926,2
0,2,0,169.38,1.9252,8597,2
0,2,0,204.37,2.1136,11474,2
0,2,0,180.32,1.8984,9638.1,2
0,2,0,190.99,1.986,10629,2
0,2,0,189.37,1.8864,10142,2
0,2,0,162.4,1.6167,6738.5,2
0,2,0,195.24,2.1277,11078,2
0,2,0,189.35,2.1698,10841,2
0,2,0,171.4,2.0042,8726.5,2
0,2,0,202.54,2.3602,13014,2
0,2,0,181.65,2.1078,9578.8,2
0,2,0,175.8,1.8418,9071.3,2
0,2,0,204.52,2.1137,11909,2
0,2,0,190.89,1.993,10160,2
0,2,0,195.02,2.0418,10577,2
0,2,0,183.38,2.0627,10864,2
0,3,0,185.29,1.9466,9900.7,2
0,2,0,144.63,1.5269,4735.3,2
0,2,0,175.69,1.9653,9308.4,2
0,2,0,164.26,1.9241,8348.2,2
0,2,0,187.9,2.1604,10396,2
1,1,1,153.48,1.5884,5167.2,2
0,2,0,178.33,1.8946,9203.6,2
0,2,0,176.27,1.6403,8604.1,2
0,2,0,194.69,2.0054,10440,2
0,2,0,193.05,2.0823,10796,2
0,2,0,200.77,2.0667,11587,2
0,2,0,200.61,2.1929,12560,2
0,2,0,206.32,2.2254,12794,2
0,2,0,163.85,1.7843,7033.6,2
0,2,0,204.47,2.2023,13686,2
0,2,0,198.57,2.2246,11660,2
0,2,0,198.72,2.2734,11386,2
0,2,0,182.84,1.9678,9629.5,2
0,2,0,198.19,1.998,11721,2
0,2,0,190.94,2.1095,9958.6,2
0,2,0,192.11,2.1889,11249,2
0,2,0,161.62,1.7706,6720.5,2
0,3,1,187.25,1.9224,9496,2
0,3,1,197.59,2.01,11201,2
0,2,0,185.45,1.9959,10102,2
0,2,0,187.34,1.917,9772.3,2
0,2,0,206.4,2.0496,12174,2
0,2,0,185.32,1.9416,11312,2
0,2,0,194.15,1.9623,11271,2
0,2,0,187.61,1.9947,9487.5,2
0,2,0,177.84,1.8381,8575.7,2
0,2,0,189.1,1.9825,10099,2
0,2,0,201.33,2.2846,11865,2
0,3,1,177.04,1.7419,6955.2,2
0,2,0,177.17,2.0404,9774.5,2
0,3,1,176.35,1.9049,8661.6,2
0,2,0,172.07,2.0623,9499.5,2
0,2,0,193.81,1.8864,10154,2
0,2,0,190.26,1.918,10276,2
0,2,0,200.06,1.9978,11921,2
0,2,0,178.21,1.8658,9884,2
0,2,0,176.71,1.7815,8826.4,2
0,2,0,188.93,1.9987,10406,2
0,2,0,200.46,2.1358,12816,2
0,2,0,184.32,2.0667,10969,2
0,2,0,206.59,2.084,12109,2
0,2,0,171.76,1.807,7563.4,2
0,2,0,181.39,2.0086,9965.9,2
0,2,0,205.91,2.0385,12583,2
0,2,0,185.68,1.9955,11185,2
0,2,0,175.8,1.9004,8519.4,2
0,2,0,192.87,2.1816,11222,2
0,2,0,190.15,1.8859,11847,2
0,2,0,193,1.8364,10251,2
0,2,0,162.87,1.6993,7045.8,2
0,2,0,187.78,1.9673,10304,2
0,2,0,156.09,1.6089,5997.8,2
0,2,0,202.93,2.3351,11791,2
0,2,0,176.78,1.8781,8604.7,2
0,2,0,205,2.0881,12375,2
1,1,1,159.72,1.6574,5540.4,2
0,2,0,189.68,1.9886,10490,2
0,2,0,192.5,1.9908,10970,2
0,2,0,169.02,1.9849,10015,2
0,2,0,197.87,2.1645,11818,2
0,2,0,194.57,2.1713,12203,2
0,2,0,190.19,2.0728,11046,2
0,2,0,203.17,1.9589,11655,2
0,2,0,200.2,2.3172,11505,2
0,2,0,180.75,1.9083,9236.3,2
0,2,0,162.39,1.7913,7396,2
0,2,0,184.78,2.0336,9803.6,2
0,2,0,200.85,2.0095,11787,2
0,2,0,180.05,1.8473,9837.1,2
0,2,0,180.27,2.0439,10484,2
0,2,0,199.66,1.9387,12371,2
0,2,0,163.71,1.6462,6395.8,2
0,3,1,190,2.0346,10087,2
0,2,0,199.55,2.0487,11627,2
0,2,0,191.53,1.888,10609,2
0,2,0,189.82,2.0196,9573.1,2
0,3,1,192.2,2.0406,10614,2
0,2,0,208.72,2.1041,12055,2
0,2,0,188.68,2.0593,11500,2
0,2,0,172.19,1.9322,8935.6,2
0,2,0,184.43,2.0328,9667.2,2
0,2,0,200.57,2.1028,11487,2
0,2,0,188.1,1.9298,10867,2
0,3,1,203.77,2.026,12442,2
0,2,0,199.59,2.1966,12488,2
0,2,0,203.8,2.0403,12260,2
0,2,0,182.76,1.8776,9377.2,2
0,2,0,194.01,1.8997,10621,2
0,2,0,180.57,1.9903,9018.8,2
0,2,0,182.72,1.913,9699.2,2
0,2,0,183.81,1.9405,10133,2
0,2,0,221.21,2.2188,14513,2
0,2,0,184.54,1.9268,10506,2
0,2,0,200.67,2.123,11510,2
0,2,0,201.93,2.3512,12999,2
0,2,0,185.53,2.0496,10042,2
0,2,0,188.86,2.0913,10516,2
0,2,0,192.68,1.9847,11143,2
0,2,0,177.47,1.9045,8874.5,2
0,2,0,183.24,1.8287,9885.7,2
0,2,0,176.97,1.8427,9360.6,2
0,2,0,203.85,2.1782,12826,2
0,2,0,169.94,1.7878,8925.5,2
0,3,1,204.7,2.0128,11581,2
0,2,0,200.52,2.0319,12182,2
0,2,0,190.3,1.9855,11316,2
0,2,0,164.5,1.7551,9084.3,2
0,2,0,204.7,2.0796,12819,2
0,2,0,181.43,1.9208,9503.1,2
0,2,0,191.97,2.0906,11576,2
0,2,0,205.12,2.0269,11510,2
0,2,0,188.3,1.8251,8658.3,2
0,2,0,201.1,2.0032,11771,2
0,2,0,199.71,1.9278,11421,2
0,2,0,186.05,2.0186,11075,2
0,2,0,198.63,2.1043,11289,2
0,2,0,177.42,1.9193,9347.6,2
0,3,1,189.37,2.1594,10843,2
0,2,0,193.1,2.0273,10775,2
0,3,1,178.25,1.7136,8632.9,2
0,2,0,195.54,1.9601,11128,2
0,2,0,191.25,2.0984,10696,2
0,2,0,184.96,1.772,9753,2
0,2,0,162.18,1.8389,8592.1,2
0,2,0,175.08,1.8522,8488.8,2
0,2,0,191.52,1.9382,10847,2
0,2,0,180.19,1.8154,9298.4,2
0,2,0,206.84,2.0241,12424,2
0,2,0,197.67,2.1788,11745,2
0,3,1,184.7,1.9499,9398.4,2
0,2,0,143.85,1.588,4790.2,2
0,2,0,193.07,1.9769,10611,2
0,2,0,178.17,2.0605,10368,2
0,3,1,170.03,1.7468,8077.6,3
0,3,1,209.06,2.2904,12901,3
0,2,0,137.74,1.5253,3801.7,3
0,3,1,193.94,2.2008,11752,3
0,3,1,170.66,1.7686,7245.3,3
0,4,2,211.36,2.2023,15845,3
0,4,2,188.72,1.9744,10853,3
0,3,1,175,1.9731,9505,3
0,4,2,183.29,2.0051,10692,3
0,4,2,192.54,2.0768,11454,3
0,4,2,163.97,1.7446,7053.1,3
0,3,1,200.73,2.1731,12568,3
0,3,1,193.01,1.9107,11055,3
0,3,1,176.38,2.0381,9591,3
0,3,1,165.08,1.6434,8263.7,3
0,4,2,184.03,1.7641,9560.2,3
0,2,0,181.97,1.9861,8527.4,3
0,4,2,197.96,2.0571,12499,3
0,3,1,187.36,2.0763,11248,3
0,2,0,172.43,1.9504,8179.3,3
0,3,1,184.24,1.8526,9926.7,3
0,3,1,189.5,1.9019,10334,3
0,3,1,178.22,1.9409,9466.1,3
0,2,0,155.89,1.752,6437.9,3
0,4,2,202.67,2.0051,11250,3
0,3,1,203.09,2.2217,13439,3
0,3,1,165.5,1.8872,8692.2,3
0,3,1,178.87,1.8486,8202.7,3
0,3,1,192.85,2.0402,11367,3
0,3,1,172.38,1.9117,8420.2,3
0,3,1,174.87,1.8766,8755.6,3
0,2,0,183.14,2.0343,9036.1,3
0,2,0,192.63,1.8794,11076,3
0,4,2,175.48,1.8271,9665.2,3
0,3,1,192.21,1.9402,11320,3
0,3,1,170.36,1.9751,9086.7,3
0,3,1,175.7,1.8747,7955.1,3
0,3,1,176.45,1.8164,9791.8,3
0,4,2,179.7,1.8699,9534.5,3
0,4,2,187.35,2.0061,11269,3
0,3,1,158.08,1.7531,6033.6,3
0,2,0,157.56,1.6091,5877.7,3
0,4,2,152.76,1.7251,6333.4,3
0,2,0,152.64,1.7578,6438.9,3
0,3,1,183.15,1.9931,9901.1,3
0,4,2,203.14,2.0273,13243,3
0,4,2,183.31,1.9325,9301.7,3
0,4,2,163.45,1.716,7601,3
0,3,1,156.02,1.9413,8434.7,3
0,2,0,165.46,1.6086,7739.4,3
0,3,1,203.46,2.2461,12200,3
0,3,1,202.79,2.0696,12568,3
0,3,1,210.37,2.2319,15242,3
0,3,1,153.25,1.7904,6610.3,3
0,3,1,179.03,1.849,8527.5,3
0,2,0,159.89,1.6821,7059,3
0,3,1,153.42,1.63,5676.9,3
0,3,1,203.59,1.9059,13138,3
0,3,1,178.71,1.8051,9524.8,3
0,4,2,163.41,1.724,7456.1,3
0,3,1,207.67,2.3014,14635,3
0,3,1,163.08,1.7302,6343.3,3
0,3,1,209.58,2.1361,15203,3
0,3,1,178.46,1.8748,9784.3,3
0,3,1,188.26,2.0501,10306,3
0,4,2,158.51,1.7085,7317.2,3
0,3,1,164.92,1.7266,8540.3,3
0,3,1,190.74,2.0425,10966,3
0,4,2,182.51,1.9657,9698.4,3
0,3,1,175.73,1.8552,8390.7,3
0,4,2,184.62,1.7517,9678.1,3
0,3,1,192.01,2.002,11134,3
0,3,1,176.3,1.847,9528.4,3
0,3,1,174.26,1.9063,9209.6,3
0,3,1,172.93,2.0033,10281,3
0,3,1,183.65,1.9896,9150.2,3
0,4,2,191.4,2.0797,11453,3
0,2,0,171.57,1.7498,9298.7,3
0,3,1,175.36,1.8297,9222.7,3
0,3,1,157.67,1.7721,7814.7,3
0,4,2,193.85,1.9745,10160,3
0,3,0,143.14,1.5462,5338.5,3
0,3,1,200.41,2.2471,13359,3
0,4,2,194.64,2.1308,12182,3
0,3,1,206.64,2.156,12907,3
0,4,2,174.45,1.7758,8611,3
0,3,1,193.59,1.92,11953,3
0,2,0,168.62,1.915,8822.1,3
0,2,0,170.61,1.9584,8276.3,3
0,3,1,182.52,1.8978,11437,3
0,3,1,195.39,2.0303,11235,3
0,3,1,208.39,2.1437,13418,3
0,3,1,174.3,1.7171,9232.9,3
0,4,2,172.22,1.8207,8677.4,3
0,3,1,171.27,1.8248,7661.9,3
0,2,0,162.94,1.5935,6285.7,3
0,3,1,190.31,2.0234,10212,3
0,3,1,183.44,1.983,10758,3
0,2,0,182.15,1.9491,10138,3
0,3,1,179.08,1.7997,9241,3
0,3,1,183.88,1.9495,10131,3
0,2,0,169.12,1.7842,7032.6,3
0,3,1,146.89,1.8136,6882.8,3
0,2,0,154.5,1.6277,6124.6,3
0,2,0,189.45,1.9727,10830,3
0,2,0,172.01,1.779,8697.1,3
0,3,1,174.79,2.003,10477,3
0,2,0,154.08,1.794,6626.8,3
0,2,0,179.51,1.9264,9187.9,3
0,3,1,169.75,1.8527,8150.8,3
0,3,1,188.16,2.0507,10297,3
0,3,1,179.39,1.873,9118.3,3
0,2,0,151.39,1.6317,5850.6,3
0,4,2,170.71,1.9341,9992.6,3
0,3,1,179.2,1.9066,8873.6,3
0,3,1,186.93,2.0844,10726,3
0,3,1,188.83,1.9464,10857,3
0,2,0,181.8,1.9288,9140,3
0,2,0,169.59,1.7731,7537.7,3
0,3,1,210.14,2.1646,12664,3
0,3,1,174.3,1.9242,9046.5,3
0,3,1,161.02,1.6801,7692.5,3
0,3,1,190.21,1.9914,11393,3
0,3,1,174.06,1.8572,8846.7,3
0,3,1,184.81,1.9457,10767,3
0,3,1,206.09,2.185,13448,3
0,3,1,199,2.148,12700,3
0,2,0,166.32,1.9187,8118.7,3
0,3,1,175.3,1.8813,7975.4,3
0,2,0,172.25,1.8223,8623,3
0,3,1,185.87,1.8945,10458,3
0,2,0,165.01,1.8619,8109.9,3
0,3,1,159.8,1.7861,7304.2,3
0,3,1,172.55,1.8464,9906.5,3
0,3,1,202.4,2.1992,14817,3
0,3,1,198.22,2.0514,13164,3
0,3,1,184.01,1.998,10937,3
0,3,1,189.14,1.9789,11245,3
0,3,1,166.7,1.8305,8052.6,3
0,2,0,176.45,1.7857,10077,3
0,3,1,187.05,2.022,11459,3
0,3,1,187.29,1.9649,10659,3
0,3,1,172.48,1.9339,10064,3
0,2,0,145.91,1.6557,5204.8,3
0,3,1,206.71,2.0656,12370,3
0,4,2,203.79,2.2014,13936,3
0,3,1,160.77,1.7983,8207.9,3
0,4,2,182.71,1.9694,10744,3
0,2,0,180.04,1.9785,8943.1,3
0,3,1,162.69,1.6815,6887.7,3
0,3,1,185.65,1.9937,10467,3
0,3,1,166.11,1.8713,6979.8,3
0,3,1,167.89,1.8352,8525.3,3
0,3,1,165.66,1.8693,8728.8,3
0,3,1,198.53,1.9451,11783,3
0,3,1,183.67,1.95,10406,3
0,3,1,180.16,1.9432,9071,3
0,3,1,180.05,2.0093,9421.3,3
0,3,1,202.31,2.1094,13633,3
0,4,2,201.75,2.0047,12247,3
0,4,2,169.6,1.7275,8910.4,3
0,4,1,177.63,2.0457,9595.3,3
0,4,2,175.97,1.8912,9061.2,3
0,4,2,184.45,2.0847,10400,3
0,4,2,180.93,1.7424,10464,3
0,4,2,172.47,1.9247,10099,3
0,4,2,185.99,1.9677,9959.3,3
0,4,2,162.78,1.7806,6368.3,3
0,3,1,178.52,1.9558,8373.8,3
0,4,2,177.99,1.8571,9242.5,3
0,2,0,176.04,1.7702,7356.2,3
0,2,0,172.75,1.77,8960.3,3
0,2,0,161.72,1.595,6200.3,3
0,3,1,153.68,1.7397,6301.5,3
0,4,2,211.36,2.2023,15845,3
0,3,1,182.14,1.9324,10335,3
0,3,1,217.85,2.3742,16356,3
0,3,1,194.89,2.1956,10933,3
0,2,0,148.99,1.7201,6202.2,3
0,3,1,171.08,1.8958,8202,3
0,4,2,180.58,1.9666,9788.2,3
0,2,0,167.61,1.9416,8221.4,3
0,3,1,195.11,2.0261,12051,3
0,2,0,152.63,1.65,5666.2,3
0,3,1,191.52,2.134,10939,3
0,4,2,187.03,1.8843,10698,3
0,3,1,190.35,2.1903,10872,3
0,4,2,194.55,2.1428,12454,3
0,3,1,158.64,1.7024,6889.1,3
0,3,1,186.19,2.0713,10972,3
0,3,1,181.9,1.8966,9601.8,3
0,2,0,186.08,2.0717,10529,3
0,3,1,193.98,1.9733,10039,3
0,4,2,175.44,1.9733,8248.4,3
0,3,1,185.17,2.0165,10421,3
0,4,2,171.2,1.9651,9201.7,3
0,3,1,155.17,1.7679,7200.2,3
0,3,1,169.89,1.7873,8188,3
0,3,1,180.83,1.8602,9153.8,3
0,3,1,170.09,1.7833,8538.2,3
0,3,1,161.73,1.7509,8265,4
0,3,1,155.95,1.7886,7817.3,4
0,3,1,175.43,1.9486,9886.8,4
0,4,2,154.36,1.7459,7683,4
0,3,1,159.62,1.8762,7075.8,4
0,2,0,145.94,1.7153,5492.6,4
0,3,1,170.14,1.9432,8860.5,4
0,3,1,167.3,1.8219,9237.2,4
0,3,1,154.54,1.6804,7140.1,4
0,3,1,153.33,1.7246,7442.7,4
0,4,1,154.99,1.7732,7537.9,4
0,3,1,153.53,1.7666,7098.6,4
0,4,2,155.63,1.7983,7490.6,4
0,3,1,169.71,1.8621,9081.4,4
0,4,2,160.05,1.8683,9065.9,4
0,3,1,170.25,1.8205,9238.2,4
0,3,1,146.35,1.6925,7045.3,4
0,4,2,139.37,1.5257,4872,4
0,3,1,152.87,1.7952,6631,4
1,3,3,146.86,1.5494,4952.1,4
0,2,0,162.63,1.7229,7025.2,4
0,3,1,166.16,1.8204,8595.7,4
0,2,0,145.81,1.6298,5873.7,4
0,6,2,118.12,1.5779,4756.6,4
0,3,1,162.16,1.8387,9115.8,4
0,3,1,163.34,1.8565,8800.6,4
0,3,1,174.35,1.8278,9602.3,4
0,2,0,156.99,1.7135,6757.2,4
0,3,1,162.49,1.7264,8059,4
0,3,1,156.78,1.6923,7357.3,4
0,3,1,152.16,1.7778,8090,4
0,3,1,160.6,1.8573,7466.4,4
0,3,1,149.91,1.6903,6906.9,4
0,2,0,152.26,1.6939,5996.5,4
0,2,0,152.12,1.7712,6661.8,4
0,2,0,157.75,1.7192,7312.5,4
0,2,0,168.2,1.8076,8384.3,4
0,3,1,138.1,1.5304,5602.4,4
0,3,1,164.12,1.7254,8533.4,4
0,4,2,165.06,1.893,6946.7,4
0,3,1,158.91,1.741,7359.5,4
0,4,2,161.82,1.7728,8095.3,4
0,3,1,156.9,1.7537,7847.2,4
0,3,1,154.79,1.7723,6892.6,4
0,3,1,151.88,1.6989,6700,4
0,3,1,157.18,1.7595,7474.8,4
0,3,1,162.35,1.7409,8835.1,4
0,3,1,173.59,1.8365,8935.8,4
0,2,0,158.42,1.7475,7458.5,4
0,2,0,157.25,1.6601,6977.9,4
0,3,1,155.25,1.7504,6838.2,4
0,2,0,146.27,1.5941,5163.6,4
0,3,1,162.72,1.8274,9359.9,4
0,3,1,163.68,1.754,7703.2,4
0,2,0,155.19,1.7484,6225.6,4
0,3,1,157.17,1.7706,6909.2,4
0,3,1,141.15,1.5678,6003,4
0,2,0,152.65,1.7239,5971.7,4
0,3,1,149.74,1.7117,6359.7,4
0,3,1,154.93,1.6885,7330,4
0,3,1,159.23,1.8587,8155.2,4
0,4,2,168.13,1.8836,9468,4
0,2,0,154.92,1.7767,6394.7,4
0,2,0,155.79,1.6528,6634.2,4
0,3,1,162.48,1.8319,7243.7,4
0,2,0,149.12,1.6337,5774.5,4
0,3,1,167.61,1.9616,8222.6,4
0,5,1,99.509,1.55,3579.9,4
0,3,1,167.61,1.8705,9006.6,4
0,2,0,162.57,1.7497,7735,4
0,3,1,165.6,1.9088,9296.4,4
0,3,1,161.34,1.7203,7030,4
0,4,2,156.02,1.6707,7963.8,4
0,3,1,171.25,1.9037,8865.7,4
0,2,0,133.79,1.3302,3193.4,4
0,3,1,172.47,1.7376,8243.7,4
0,3,1,152.19,1.7571,7573.7,4
0,4,2,160.16,1.793,8453.8,4
0,3,1,162.16,1.7036,8031.6,4
0,3,1,165.68,1.7491,6871.4,4
0,2,0,153.96,1.688,6349.4,4
0,2,0,144.08,1.6593,5879.5,4
0,4,2,167.85,1.7683,8463.8,4
0,3,0,147.06,1.4073,4731.5,4
0,3,1,156.56,1.5937,7486.9,4
0,3,1,154.7,1.6847,7370.1,4
0,3,1,159.46,1.6965,7908,4
0,3,1,158.18,1.7679,8837.7,4
0,3,1,158.71,1.679,8574.7,4
0,3,1,152.42,1.6205,6408,4
0,4,2,168.41,1.9018,9563.4,4
0,3,1,147.89,1.6022,6286.8,4
0,2,0,155.72,1.7529,6811.7,4
0,4,2,155.96,1.7726,7675.4,4
0,2,0,163.3,1.8806,7781.6,4
0,3,1,164.29,1.7344,8314.1,4
0,2,0,152.96,1.7543,7027.4,4
0,3,1,162.68,1.8126,8306.2,4
0,4,2,168.41,1.8649,9126.6,4
0,4,2,169.61,1.9867,9267.4,4
0,2,0,152.6,1.8273,7040.5,4
0,3,1,168.89,1.9012,9983.2,4
0,3,1,179.24,1.9593,10299,4
0,3,1,165.17,1.9347,9147,4
0,2,0,136.39,1.368,3387.8,4
0,2,0,157.23,1.8168,7665.7,4
0,3,1,177.91,1.9625,9006.6,4
0,3,1,152.24,1.6729,6403.8,4
0,3,1,177.37,1.9521,10194,4
0,3,1,165.89,1.7428,8894.8,4
0,3,1,153.95,1.7686,7029.2,4
0,3,1,158.13,1.8091,7696,4
0,3,1,152.78,1.693,7281.1,4
0,3,1,152.01,1.7221,7239.6,4
0,3,1,164.89,1.8092,7835.7,4
0,3,1,158.1,1.7826,6902.3,4
0,3,1,152.25,1.7375,7674.5,4
0,3,1,152.95,1.6414,5971.4,4
0,3,1,153.6,1.769,7176.4,4
0,3,1,166.02,1.7881,8751.4,4
0,3,1,152.85,1.7873,7950.1,4
0,2,0,155.7,1.7376,6036.7,4
0,3,1,163.01,1.8932,8200.8,4
0,3,1,157.05,1.7116,6720,4
0,3,1,152.81,1.7079,6332.3,4
0,2,0,163.22,1.9005,7578.9,4
0,2,0,144.9,1.5539,5890.6,4
0,2,0,153.77,1.5413,6642.7,4
0,4,1,157.67,1.7665,6775.3,4
0,2,0,145.45,1.5508,5775.9,4
0,4,2,145.61,1.6997,6961.1,4
0,3,1,179.8,1.8786,9914.7,4
0,2,0,158.65,1.7137,7364,4
0,3,1,162.37,1.7749,8280.4,4
0,2,0,149.13,1.6721,6858.9,4
0,3,1,168.53,1.6452,7900.8,4
0,2,0,162.39,1.7503,7507.1,4
0,3,1,167.44,1.833,7691.6,4
0,3,1,155.93,1.6807,7086.9,4
0,3,1,131.88,1.4845,3621.1,4
0,3,1,149.68,1.7324,5828,4
0,3,1,159.88,1.6914,7813,4
0,4,2,155.37,1.6958,7497.9,4
0,3,1,163.62,1.7384,8313.9,4
0,3,1,145.48,1.6576,5967.2,4
0,3,1,151.2,1.6755,6378.7,4
0,3,1,163.06,1.7374,8403.6,4
0,3,1,157.55,1.6834,6946.2,4
0,3,1,155.79,1.6941,6382.7,4
0,4,2,158.09,1.6796,7023.3,4
0,3,1,154.98,1.8248,6841.2,4
0,2,0,153.28,1.7065,7560.5,4
0,2,0,164.4,1.8012,7544.1,4
0,2,0,161.26,1.7497,6405.4,4
0,3,1,157.03,1.6671,7316.1,4
0,2,0,148.08,1.6223,6558.9,4
0,3,1,164.24,1.8257,8714.9,4
0,3,1,154.15,1.8072,7312.9,4
0,2,0,161.19,1.7248,6760.4,4
0,3,1,179.9,1.8242,9870,4
0,2,0,150.66,1.7647,6041.3,4
0,3,1,174.65,1.8412,9831.7,4
0,3,1,155.43,1.6409,7442.5,4
0,3,1,159.76,1.707,7929.1,4
0,3,1,152.37,1.6782,6924.1,4
0,3,1,165.17,1.7961,8123.3,4
0,3,1,156.6,1.7946,7836.9,4
0,3,1,148.69,1.7095,6028.3,4
0,3,1,157.66,1.6981,7705.1,4
0,3,1,150.09,1.7228,6256.1,4
0,3,1,168.96,1.8332,9456.1,4
0,2,0,146.4,1.5884,5818.7,4
0,2,0,168.77,1.7817,8563.1,4
0,2,0,153.53,1.6884,5951.9,4
0,6,2,114.72,1.4605,4695.1,4
0,3,1,164.29,1.822,7826.2,4
0,3,1,159.15,1.8075,9255,4
0,4,2,154.44,1.7698,8250.6,4
0,3,1,161.2,1.799,6392.1,4
0,4,2,164.21,1.824,7819.9,4
0,3,1,176.39,1.8834,9628.9,4
0,3,1,171.79,1.9323,8982.3,4
0,2,0,148.13,1.6278,6230,4
0,4,2,175.35,1.9583,9890.4,4
0,3,1,168.46,1.7974,8899.9,4
0,3,1,176.67,2.0195,8371.9,4
0,3,1,174.28,1.9841,9116.3,4
0,2,0,150.91,1.735,6092.6,4
0,2,0,159.04,1.708,6636.7,4
0,2,0,160.72,1.8092,6880.1,4
0,3,1,155.95,1.6487,7043.9,4
0,3,1,157.18,1.7091,5932.1,4
0,3,1,143.6,1.5745,5483.1,4
0,3,1,146.04,1.6654,6194.8,4
0,3,1,153.06,1.6261,6476.3,4
0,2,0,151.9,1.7113,5926.2,4
0,2,0,176.41,1.8959,8599.3,4
0,3,1,140.31,1.5224,5668.8,4
0,3,1,167.8,1.8581,8587.9,4
0,3,1,161.57,1.8231,8481.5,4
0,2,0,209.69,2.0993,14252,5
0,3,1,164.55,1.6685,6735.7,5
0,2,0,209.8,2.0555,13673,5
0,3,1,217.62,2.0849,15741,5
0,2,0,180.68,2.0688,9746.8,5
0,3,1,201.73,2.0095,13699,5
0,2,0,186.81,1.9451,12190,5
0,2,0,196.05,1.9891,12145,5
0,2,0,179.45,1.8571,11173,5
0,3,1,216.76,2.0875,14591,5
0,2,0,186.19,2.1197,11926,5
0,3,1,191.77,1.8823,11820,5
0,2,0,187.38,2.0878,10873,5
0,3,1,207.97,2.05,13459,5
0,3,1,206.01,2.145,13673,5
0,2,0,190.43,1.8524,11345,5
0,2,0,202.93,1.9658,13519,5
0,3,1,224.4,2.2725,16731,5
0,3,1,221.41,2.2552,16321,5
0,2,0,195.19,2.0159,12302,5
0,2,0,180.09,2.037,9605.5,5
0,3,1,201.08,2.0782,13519,5
0,3,1,201.74,2.1238,13774,5
0,2,0,194.82,1.9322,11840,5
0,2,0,184.91,1.936,11989,5
0,3,1,189.93,1.8564,11787,5
0,2,0,190.35,1.9902,10787,5
0,3,1,169.86,1.9529,9872.1,5
0,2,0,188.79,1.8364,12342,5
0,2,0,179.49,1.7736,10886,5
0,2,0,178.93,2.0745,9820.6,5
0,3,1,210.47,2.0258,15198,5
0,2,0,166.49,1.6332,6421.1,5
0,2,0,197.51,2.021,12128,5
0,3,1,192.23,1.9581,12567,5
0,3,1,186.67,1.9151,11283,5
0,3,1,218.96,2.3052,16695,5
0,2,0,200,1.9702,11901,5
0,3,1,196.19,2.0669,12623,5
0,2,0,201.5,2.0353,12699,5
0,3,1,215.31,2.161,15197,5
0,3,1,209.55,2.2488,14877,5
0,2,0,176.86,1.8803,9021.5,5
0,2,0,213.4,2.1779,14334,5
0,2,0,186.28,1.7634,10085,5
0,3,1,211.05,2.1886,15228,5
0,2,0,191.9,2.2382,11197,5
0,3,1,194.47,2.0019,12749,5
0,2,0,189.95,2.1537,11182,5
0,3,1,189.8,1.7633,11439,5
0,2,0,192.56,1.9217,11325,5
0,3,1,183.83,1.8592,10150,5
0,2,0,188.11,1.8331,11088,5
0,2,0,174.22,2.0285,9504.1,5
0,3,1,192.08,2.1336,11188,5
0,3,1,215.23,2.1075,14952,5
0,2,0,175.87,1.9941,9390.6,5
0,3,1,183.81,1.831,11323,5
0,2,0,216.89,2.1537,15639,5
0,3,1,178.73,1.9363,9894.9,5
0,2,0,191.17,2.0681,11354,5
0,2,0,180.23,1.9468,11083,5
0,2,0,157.47,1.8542,8128,5
0,2,0,178.81,2.0507,9694.1,5
0,2,0,203.48,1.97,13240,5
0,3,1,212.06,1.9766,14631,5
0,3,1,193.66,1.9043,13226,5
0,3,1,205.44,2.0008,14158,5
0,3,1,198.51,2.0089,12215,5
0,3,1,187.78,1.8556,12254,5
0,3,1,210.66,2.1875,15847,5
0,3,1,205.33,2.1365,14119,5
0,3,1,179.64,1.8179,10675,5
0,2,0,186.47,2.0142,10513,5
0,3,1,191.14,2.0395,13029,5
0,3,1,206.92,2.389,13601,5
0,3,1,190.81,2.16,12616,5
0,2,0,195.02,1.9402,12147,5
0,2,0,189.47,2.1623,10537,5
0,3,1,190.47,1.9351,11436,5
0,2,0,204.03,1.98,13631,5
0,2,0,184.36,1.9144,9131.5,5
0,3,1,219.39,2.2146,14739,5
0,3,1,212.2,2.1829,15407,5
0,2,0,191.67,2.0842,10765,5
0,2,0,194.51,1.9996,11990,5
0,2,0,193.61,2.096,13252,5
0,2,0,152.51,1.667,6263.5,5
0,3,1,192.28,1.9833,12150,5
0,2,0,177.72,1.8245,9479.2,5
0,3,1,185.61,1.8352,11030,5
0,3,1,206.37,1.9944,13478,5
0,3,1,196.4,2.019,12941,5
0,3,1,169.83,1.7132,9155.2,5
0,3,1,208.07,2.103,14815,5
0,3,1,199.4,1.9431,13363,5
0,3,1,210.52,2.0764,15092,5
0,3,1,195.98,2.276,12642,5
0,2,0,197.06,1.8782,11409,5
0,3,1,197.83,2.0099,12181,5
0,2,0,173.79,2.0015,9241.2,5
0,2,0,170.02,1.6852,8106,5
0,3,1,200.63,2.0085,13306,5
0,3,1,198.91,2.0117,13538,5
0,2,0,192.69,1.8936,12000,5
0,3,1,200.65,1.9815,13896,5
0,3,1,205.54,2.1229,14014,5
0,2,0,201.21,2.1197,12259,5
0,3,1,173.68,1.664,8842,5
0,2,0,197.21,2.1042,12509,5
0,3,1,186.04,1.8097,10115,5
0,3,1,190.11,1.9569,12038,5
0,3,1,227.07,2.3054,17081,5
0,2,0,205.32,2.0686,12950,5
0,3,1,217.29,2.1315,17242,5
0,2,0,211.32,2.0985,13707,5
0,2,0,193.27,2.0193,13516,5
0,3,1,214.74,2.1245,15319,5
0,3,1,201.02,2.1045,13094,5
0,3,1,226.46,2.3219,17572,5
0,2,0,159.63,1.7814,6340.4,5
0,3,1,201.93,1.9402,12501,5
0,3,1,211.8,2.098,13734,5
0,3,1,189.8,1.9147,12044,5
0,3,1,198.6,2.0112,13513,5
0,3,1,211.25,2.0773,13534,5
0,3,1,204.42,2.0337,14748,5
0,3,1,222.62,2.2515,14513,5
0,3,1,206.95,2.0667,13778,5
0,3,1,175.73,1.9025,9847.8,5
0,2,0,178.54,1.8641,10125,5
0,3,1,213.64,2.1934,15399,5
0,3,1,203.35,2.0094,13495,5
0,3,1,199.97,2.0395,13437,5
0,3,1,202.54,2.1132,14754,5
0,3,1,193.17,1.9194,13073,5
0,3,1,199.39,2.2251,14037,5
0,3,1,214.88,2.1485,14946,5
0,3,1,195.47,1.9459,12047,5
0,2,0,180.14,1.6855,10687,5
0,2,0,177.33,1.8389,9223,5
0,2,0,185.41,1.9398,11750,5
0,2,0,187.39,2.1195,10300,5
0,2,0,202.76,2.0235,12496,5
0,3,1,187.77,1.9591,11745,5
0,3,1,179.43,1.9214,11733,5
0,3,1,208.38,2.0528,14717,5
0,2,0,199.59,2.0109,13193,5
0,3,1,214.36,2.0827,15228,5
0,3,1,209.73,2.1253,15496,5
0,2,0,201.61,2.0184,13667,5
0,3,1,187.78,1.8042,10927,5
0,3,1,207.65,2.2093,12901,5
0,3,1,195.95,2.076,12587,5
0,2,0,191.93,2.0066,12731,5
0,3,1,192.11,1.9492,11871,5
0,3,1,197.61,2.2479,13661,5
0,3,1,171.01,1.9485,9400.4,5
0,2,0,210.81,2.192,13243,5
0,3,1,205.18,2.3571,12792,5
0,3,1,190.07,1.9386,11142,5
0,2,0,188.13,1.9602,12291,5
0,3,1,213.37,2.1993,14821,5
0,3,1,203.62,1.9725,12767,5
0,2,0,170.66,1.8697,7974.7,5
0,3,1,185.06,2.0214,10928,5
0,3,1,198.02,1.9401,12365,5
0,2,0,193.42,1.9936,12063,5
0,3,1,197.77,2.1586,12291,5
0,3,1,209.11,2.0317,14794,5
0,3,1,186.25,1.9621,11315,5
0,3,1,213.1,2.3002,15244,5
0,3,1,214.36,2.0827,15228,5
0,3,1,212.47,2.19,14877,5
0,2,0,181.14,1.9567,10846,5
0,3,1,165.79,1.8149,9300.1,5
0,2,0,208.37,2.1652,14598,5
0,3,1,191.16,1.9864,12188,5
0,2,0,181.08,1.8469,9637.6,5
0,3,1,180.55,1.8144,10620,5
0,3,1,207.26,2.0066,14218,5
0,3,1,206.02,2.2973,13820,5
0,3,1,216.6,2.1455,15700,5
0,2,0,182.13,1.8837,9684.1,5
0,3,1,181.56,1.9906,11739,5
0,3,1,193.82,1.9094,11319,5
0,3,1,179.48,1.8663,10480,5
0,3,1,187.67,2.0096,10701,5
0,2,0,190.67,1.832,10590,5
0,3,1,217.99,2.1255,15089,5
0,2,0,181.19,1.8879,9893.6,5
0,2,0,179.08,1.8065,10530,5
0,3,1,196.76,1.9685,11902,5
0,3,1,197.28,2.0541,12680,5
0,3,1,176.24,2.0313,9681.5,5
0,2,0,169.61,1.7164,9130.2,5
0,3,1,201.03,2.1179,12879,5
0,3,1,221.66,2.1823,16296,5
0,3,1,206.6,2.0242,14746,5
0,3,1,191.89,1.8711,11378,5
1,1,1,144.99,1.5849,4479,6
1,1,1,147.58,1.6001,4292.7,6
1,1,1,159.52,1.5084,5529.8,6
1,1,1,167.27,1.5925,5751.3,6
1,1,1,133.81,1.5554,3787,6
1,1,1,139.45,1.3322,3490.2,6
1,1,1,137.38,1.4785,3882,6
1,1,1,130.7,1.3445,3161.2,6
1,1,1,140.19,1.4905,3541.8,6
1,1,1,137.87,1.3293,3504.3,6
1,1,1,142.72,1.599,4312.9,6
1,1,1,151.16,1.5427,4900.6,6
1,1,1,133.34,1.3912,3276.4,6
1,1,1,172,1.786,6515.4,6
1,1,1,137.05,1.4428,3381.9,6
1,1,1,171.33,1.6191,6641.6,6
1,1,1,171.95,1.7665,6143.4,6
1,1,1,138.72,1.5164,3861.4,6
1,1,1,135.04,1.3394,3242.8,6
1,1,1,152.53,1.4621,4580.2,6
1,1,1,149.63,1.5424,4258.5,6
1,1,1,141.53,1.5356,3979.1,6
1,1,1,135.57,1.4373,4073.6,6
1,1,1,161.78,1.6299,5845.3,6
1,1,1,135.11,1.3853,3389.1,6
1,1,1,136.65,1.4675,3665.4,6
1,1,1,136.02,1.39,3244.8,6
1,1,1,141.46,1.4279,3822.6,6
1,1,1,142.02,1.4787,4026.3,6
1,1,1,130.21,1.3178,2708,6
1,1,1,141.66,1.5485,4162.4,6
1,1,1,133.7,1.4908,3368.3,6
1,1,1,134.11,1.3879,3158.1,6
1,1,1,137.22,1.509,3737.9,6
1,1,1,143.03,1.6139,4249.9,6
1,1,1,135.65,1.4621,3736.7,6
1,1,1,157.68,1.5896,5287.7,6
1,1,1,133.92,1.5646,3808,6
1,1,1,141.35,1.401,3372.4,6
1,1,1,144.8,1.5363,4127.4,6
1,1,1,162.79,1.7055,5963.3,6
1,1,1,134.96,1.3774,3387.9,6
1,1,1,143.33,1.5563,4119.7,6
1,1,1,149.24,1.5658,4420.1,6
1,1,1,161.2,1.6694,5656.9,6
1,2,2,149.89,1.6598,4528.6,6
1,1,1,154.88,1.4516,4985.4,6
1,1,1,128.18,1.3031,2349.6,6
1,1,1,138.26,1.47,3464.5,6
1,1,1,136.79,1.3843,3384.3,6
1,1,1,129.63,1.3733,2863,6
1,1,1,148.45,1.6239,4380.4,6
1,1,1,139.27,1.623,3932.2,6
1,1,1,135.73,1.3396,3411.4,6
1,1,1,132.46,1.3432,3125,6
1,1,1,133.38,1.5348,3755.5,6
1,1,1,135.17,1.5439,3889.1,6
1,1,1,156.95,1.6855,5663,6
1,1,1,133.82,1.4001,3309.1,6
1,1,1,140.26,1.5107,4096.7,6
1,1,1,150.43,1.5107,4752.3,6
1,1,1,138.36,1.3532,3787.7,6
1,1,1,132.99,1.3982,3345.7,6
1,2,1,139.85,1.4582,3524.8,6
1,1,1,164.39,1.7258,5684,6
1,1,1,136.29,1.4542,3827.7,6
1,1,1,138.9,1.3958,3744.7,6
1,1,1,137.02,1.3466,3593.8,6
1,1,1,131.3,1.4225,3277.3,6
1,1,1,150.2,1.6419,4521.8,6
1,1,1,146.62,1.5781,4312.7,6
1,1,1,133.92,1.5646,3808,6
1,1,1,136.29,1.4542,3827.7,6
1,1,1,142.99,1.4406,4567.2,6
1,1,1,134.6,1.5212,3870.8,6
1,1,1,138.56,1.4826,3905.9,6
1,1,1,132.96,1.4197,3584,6
1,1,1,136.1,1.4388,3489.2,6
1,1,1,133.2,1.4648,3366.5,6
1,1,1,140.4,1.6306,3943.4,6
1,1,1,131.5,1.5145,3631,6
1,1,1,130.68,1.3346,2708.4,6
1,1,1,137.34,1.5473,4140,6
1,1,1,146.1,1.5171,4197.5,6
1,1,1,149.53,1.5143,4363.9,6
1,1,1,131,1.5024,3353.8,6
1,1,1,133.69,1.4163,3347.3,6
1,1,1,160.14,1.5255,5962.3,6
1,1,1,141.97,1.4683,3893,6
1,1,1,133.36,1.37,3378,6
1,1,1,134.92,1.559,3429.9,6
1,1,1,140.49,1.4462,3752.2,6
1,1,1,138.91,1.3811,3649.4,6
1,1,1,130.94,1.5143,3510.7,6
1,1,1,138.78,1.456,3590.4,6
1,1,1,143.3,1.4328,4601,6
1,1,1,140.33,1.5192,3909.1,6
1,1,1,136.69,1.469,3634.6,6
1,1,1,131.6,1.3387,3078.5,6
1,2,2,159.6,1.609,5502.8,6
1,1,1,130.7,1.3837,3153.3,6
1,1,1,134.21,1.3063,3064.9,6
1,1,1,155.01,1.6539,5159.2,6
1,1,1,139.04,1.3902,3757.8,6
1,1,1,160,1.7084,5346.4,6
1,1,1,138.7,1.4778,3694.5,6
1,1,1,134.97,1.4289,3370.5,6
1,1,1,146,1.6676,4613,6
1,1,1,138.5,1.4441,3744.6,6
1,1,1,135.04,1.484,3865.5,6
1,1,1,151.74,1.6031,5137.8,6
1,1,1,136.94,1.4508,3536.4,6
1,1,1,140.59,1.5485,3612.8,6
1,1,1,147.19,1.4644,3982.2,6
1,1,1,142.37,1.539,4074.2,6
1,1,1,131.55,1.4007,3258.9,6
1,1,1,133.78,1.4451,3121.2,6
1,1,1,162.29,1.574,5573.3,6
1,1,1,127.08,1.325,2986.7,6
1,1,1,133.86,1.4202,3675.3,6
1,1,1,141.95,1.53,4273.3,6
1,1,1,137.62,1.4119,3772.1,6
1,1,1,136.99,1.413,3650.4,6
1,1,1,157.77,1.5012,5613.3,6
1,1,1,131.89,1.3677,3047,6
1,1,1,134.84,1.4428,3505.6,6
1,1,1,136.74,1.3698,3674.6,6
1,1,1,138.65,1.4516,3776.5,6
1,1,1,131.29,1.2415,2419.5,6
1,1,1,139.39,1.4573,3729.2,6
1,1,1,126.51,1.4414,3470.6,6
1,1,1,144.56,1.3685,4336,6
1,1,1,144.71,1.4692,4203.4,6
1,1,1,135.52,1.4348,3419.2,6
1,1,1,151.89,1.5563,4766.8,6
1,1,1,166.55,1.8485,6782.3,6
1,1,1,145.88,1.6318,4727.1,6
1,1,1,148.7,1.5832,4722.3,6
0,2,0,138.73,1.3977,3486.4,6
1,1,1,169.53,1.6289,6107.1,6
1,1,1,140.21,1.3898,3632,6
1,1,1,131.96,1.4986,3091.3,6
1,1,1,131.91,1.3401,2746.5,6
1,1,1,140.07,1.3892,3528.5,6
1,1,1,135.84,1.3809,3486.7,6
1,1,1,130.85,1.4303,3260.1,6
1,1,1,138.46,1.4113,3502.3,6
1,1,1,139.62,1.3856,3607.9,6
1,1,1,154.22,1.542,4594.8,6
1,1,1,145.48,1.5963,4437.1,6
1,1,1,141.98,1.501,3979.9,6
1,1,1,161.5,1.5738,5848.8,6
1,1,1,155.67,1.4703,5679.5,6
1,1,1,134.05,1.3646,3101.2,6
1,1,1,142.52,1.3219,3436,6
1,1,1,145.66,1.5146,3993.7,6
1,1,1,148.16,1.6232,4515.3,6
1,1,1,133.56,1.4292,3456.3,6
1,1,1,134.8,1.3402,3433.3,6
0,3,1,182.07,1.9181,9708.5,6
1,1,1,144.14,1.5101,4200.7,6
1,1,1,150.87,1.7024,4716.2,6
1,1,1,152.4,1.6203,5243.3,6
1,1,1,131.35,1.4929,3110.5,6
1,1,1,134.5,1.4476,3773,6
1,1,1,144.11,1.4824,4300.7,6
1,1,1,141.81,1.4909,3927.7,6
1,1,1,133.22,1.508,3542.6,6
1,1,1,134.63,1.5095,3598.9,6
1,1,1,140.39,1.5486,3944.4,6
1,1,1,137.01,1.4315,3631.9,6
1,1,1,136.87,1.4184,3703.1,6
1,1,1,146.49,1.4414,3786,6
1,1,1,142.04,1.5188,4052.3,6
1,1,1,135.19,1.3577,3049.2,6
1,1,1,133.13,1.337,2968.1,6
1,1,1,139.31,1.4265,3833.7,6
1,1,1,140.21,1.4482,3921.9,6
1,1,1,132.43,1.4733,3333.2,6
1,1,1,131.56,1.4305,3499.3,6
1,1,1,131.89,1.5292,3291.4,6
1,1,1,141.16,1.4522,3939.1,6
1,1,1,144.99,1.5826,4458.6,6
1,1,1,130.38,1.4867,3279.7,6
1,1,1,167.18,1.6429,5841.7,6
1,1,1,131.6,1.5007,3172.7,6
1,1,1,139.21,1.6154,4018.9,6
1,1,1,133.62,1.3369,3103.3,6
1,1,1,137.93,1.353,3194.8,6
1,1,1,139.19,1.3612,3415.8,6
1,1,1,135.26,1.4955,3592.4,6
1,1,1,157.68,1.4969,5409,6
1,1,1,135.17,1.4381,3426.3,6
1,1,1,162.55,1.7101,5769.4,6
1,1,1,135.72,1.4802,3505.5,6
1,1,1,138.77,1.4818,3734.6,6
1,1,1,129.83,1.3527,2943.2,6
1,1,1,152.29,1.6261,5557.8,6
1,1,1,147.85,1.4239,3669.3,6
1,1,1,134.15,1.5065,3872.7,6
0,2,0,138.78,1.6256,4338.7,7
0,2,0,144.4,1.6856,5173.8,7
0,2,0,182.98,1.8518,8128.6,7
0,2,0,158.02,1.6945,6276.7,7
0,2,0,153.7,1.7541,5498,7
0,2,0,175.7,1.8938,7733.4,7
0,2,0,142.74,1.5905,4396.2,7
0,2,0,171.09,1.8829,7781.4,7
0,2,0,152.74,1.694,5537.5,7
0,3,1,162.72,1.7437,5910.4,7
0,2,0,168.28,1.7841,6781.2,7
0,2,0,155.79,1.6528,5409.1,7
0,2,0,160.19,1.6899,5803.1,7
0,2,0,154.31,1.7937,6255.5,7
0,2,0,164.39,1.8654,6616.9,7
0,2,0,156.41,1.873,6110.8,7
0,2,0,146.73,1.6704,5143.9,7
0,3,1,151.2,1.768,5503,7
0,2,0,165.31,1.8729,6989.2,7
0,2,0,172.81,1.8386,7520.9,7
0,2,0,151.95,1.7037,5481.3,7
0,2,0,148.64,1.6371,4923.8,7
0,2,0,148.46,1.7083,5631.4,7
0,3,1,154.1,1.7601,5673,7
0,2,0,149.07,1.6916,5162.2,7
0,2,0,170.87,1.895,7772,7
0,2,0,150.24,1.8324,5601.4,7
0,2,0,162.9,1.85,6739.8,7
0,2,0,155.67,1.6791,5771.4,7
0,2,0,167.19,1.789,7505.7,7
0,3,1,151.39,1.7552,5791.8,7
0,2,0,154.26,1.7004,5804.5,7
0,3,1,169.26,1.7696,7795.4,7
0,2,0,147.47,1.6654,5107.9,7
0,2,0,147.63,1.6211,5048.2,7
0,3,1,173.67,1.8158,7754.1,7
0,2,0,143.16,1.6405,4602.8,7
0,2,0,163.96,1.9222,6905.2,7
0,3,1,161.55,1.8114,7658.6,7
0,2,0,168.65,1.7817,6602.8,7
0,2,0,142.09,1.6391,4859.8,7
0,2,0,165.98,1.7787,6568.9,7
0,2,0,148.28,1.8325,5463.7,7
0,2,0,149.68,1.6424,5062.8,7
0,2,0,164.32,1.828,7234.7,7
0,2,0,150.04,1.6666,5114.2,7
0,2,0,136.21,1.5661,3804.2,7
0,2,0,139.51,1.623,4802.1,7
0,3,1,149.35,1.7464,5238.1,7
0,2,0,181.22,1.9691,8213.6,7
0,2,0,154.02,1.6481,5139.9,7
0,2,0,150.34,1.6765,5191.9,7
0,2,0,152.18,1.8736,6067.5,7
0,2,0,150.56,1.7681,5307,7
0,2,0,141.91,1.6302,4761.7,7
0,2,0,152.12,1.606,5428.2,7
0,2,0,145.93,1.5649,4618.6,7
0,2,0,170.29,1.9277,7822.5,7
0,2,0,153.84,1.8178,5702.7,7
0,2,0,156.22,1.8066,5682.9,7
0,2,0,173.45,2.0299,8111.7,7
0,2,0,145.45,1.6545,5280.8,7
0,2,0,155.81,1.7652,5783.7,7
0,2,0,151.6,1.7773,5366.2,7
0,2,0,149.73,1.6222,4621.8,7
0,2,0,165.82,1.7493,7206.8,7
0,2,0,151.69,1.7397,5907.5,7
0,2,0,149.52,1.8977,7289.7,7
0,2,0,145.17,1.6946,5025.4,7
0,2,0,157.46,1.7853,6708,7
0,2,0,157.79,1.7748,5487.8,7
0,2,0,145.08,1.5614,4603.2,7
0,2,0,152.74,1.6263,5288,7
0,2,0,151.68,1.6313,5022.4,7
0,2,0,154.74,1.8173,6011.4,7
0,2,0,151.07,1.7115,5379.3,7
0,2,0,171.49,1.9652,7399.5,7
0,2,0,149,1.4787,4450.3,7
0,2,0,161.19,1.88,6490.3,7
0,2,0,151.2,1.6345,5107.9,7
0,2,0,158.74,1.7378,6341.4,7
0,2,0,144.54,1.6482,4699.6,7
0,2,0,153.88,1.6395,5399.1,7
0,2,0,152.37,1.6447,5102.3,7
0,2,0,175.89,1.9644,7440.4,7
0,2,0,160.8,1.7331,6476,7
0,2,0,167.67,1.7903,6451.1,7
0,2,0,169.26,1.9348,7679,7
0,2,0,151.7,1.7242,5305.9,7
0,2,0,156.22,1.7246,5599.4,7
0,2,0,164.69,1.7909,7149.2,7
0,2,0,171.36,1.7965,7385.3,7
0,2,0,144.65,1.6522,5119.5,7
0,3,1,163.63,1.8077,7304.6,7
0,2,0,150.96,1.7117,5378.2,7
0,2,0,154.82,1.6873,5429.4,7
0,2,0,153.95,1.8158,5858.3,7
0,2,0,156.41,1.8563,5837.6,7
0,2,0,165.06,1.8152,7636.3,7
0,3,1,152.38,1.7697,5600.1,7
0,2,0,148.76,1.7089,5075,7
0,3,1,166.5,1.748,7388.4,7
0,2,0,176.8,1.8372,7854.6,7
0,3,1,161.52,1.7642,6809,7
0,2,0,154.82,1.7026,5592.5,7
0,2,0,149.74,1.6607,5272.4,7
0,2,0,146.8,1.6808,5290.6,7
0,2,0,151.39,1.7334,5417.7,7
0,3,1,153.71,1.7414,5741.9,7
0,2,0,167.8,1.9088,6848.9,7
0,3,1,150.8,1.6136,5583.4,7
0,2,0,146.18,1.6288,4935,7
0,2,0,148.99,1.7274,5284.6,7
0,2,0,158.04,1.679,6097.4,7
0,2,0,155.6,1.6758,5590.6,7
0,2,0,151.2,1.7486,5467.9,7
0,2,0,164.29,1.7592,7185.4,7
0,2,0,153.06,1.799,6496.4,7
0,2,0,164.55,1.7532,6549,7
0,2,0,167.09,1.8854,7108.8,7
0,2,0,158.24,1.6908,6450,7
0,3,1,149.35,1.7464,5238.1,7
0,3,1,163.56,1.7906,6611.5,7
0,2,0,151.63,1.6675,5034.6,7
0,2,0,169.59,1.803,7834.9,7
0,2,0,151.63,1.6344,5188.5,7
0,2,0,159.54,1.7762,7222.2,7
0,2,0,172.1,1.8798,7773.6,7
0,2,0,163.35,1.9561,6661.6,7
0,3,0,151.14,1.7765,5758.7,7
0,2,0,157.16,1.6709,5314.1,7
0,2,0,173.44,1.8749,7663.1,7
0,2,0,154.79,1.7246,5859.7,7
0,2,0,171.79,1.9686,7881.5,7
0,2,0,176.68,1.9937,8019.1,7
0,2,0,149.57,1.6473,5125.7,7
0,2,0,153.4,1.7282,5576.3,7
0,2,0,164.67,1.7866,6406.4,7
0,2,0,147.79,1.6191,4827.5,7
0,2,0,149.25,1.6182,5040.4,7
0,3,1,169.33,1.9325,7978.4,7
0,2,0,164.99,1.8398,7325.3,7
0,2,0,160.1,1.7083,5459.9,7
0,2,0,164.26,1.7292,5534.9,7
0,2,0,147.27,1.627,4890.2,7
0,2,0,163.96,1.7494,7541.7,7
0,2,0,165.9,1.7765,7074.9,7
0,2,0,145.7,1.5569,4794.7,7
0,2,0,148.88,1.716,5248.5,7
0,3,1,164.98,1.9392,8268.1,7
0,2,0,158.4,1.6758,5618.9,7
0,2,0,153.53,1.6987,5613.9,7
0,2,0,150.7,1.6662,5275.1,7
0,3,1,158.37,1.7729,6822.5,7
0,2,0,154.99,1.7283,5654.6,7
0,2,0,148.03,1.6506,5120.6,7
0,2,0,150.53,1.6039,5077.8,7
0,2,0,184.6,1.9221,7624.8,7
0,2,0,166.21,1.7499,7366.9,7
0,3,1,161.81,1.7918,7290.6,7
0,2,0,149.35,1.5845,4844.9,7
0,2,0,154.09,1.6869,5242.9,7
0,2,0,167.92,1.8192,7143.9,7
0,2,0,147.28,1.7178,5360.6,7
0,2,0,163.33,1.8444,6493.6,7
0,2,0,164.01,1.7136,6765.3,7
0,2,0,154.58,1.7359,5632.3,7
0,2,0,152,1.6218,5346.7,7
0,2,0,151.27,1.6175,4878.2,7
0,2,0,167.49,1.8975,7774.3,7
0,2,0,159.17,1.8047,6686.5,7
0,2,0,153.83,1.7881,5658.9,7
0,2,0,158.48,1.7285,6313.5,7
0,3,1,170.98,1.8469,7395.7,7
0,2,0,153.65,1.6622,5307.2,7
0,2,0,149.27,1.6007,5011.9,7
0,3,1,177.64,2.0596,8540.5,7
0,2,0,165.49,1.8825,7756.2,7
0,2,0,179.26,1.9698,8722.9,7
0,2,0,149.05,1.6752,5008.4,7
0,2,0,184.72,2.0284,8516.5,7
0,2,0,149.38,1.6007,5019.1,7
0,2,0,155.05,1.709,5522.5,7
0,2,0,171.42,1.8046,7635.4,7
0,2,0,159.01,1.7177,5416.1,7
0,2,0,148.2,1.6804,5132.5,7
0,2,0,158.8,1.7204,5638.4,7
0,2,0,156.82,1.781,5915,7
0,2,0,150.78,1.7497,5262.4,7
0,3,1,162.74,1.7816,6573.3,7
0,3,1,157.27,1.8249,6479.3,7
0,3,1,153.83,1.6241,5670.6,7
0,2,0,154.94,1.7039,5473.1,7
0,3,1,150.04,1.744,6081.5,7
0,2,0,156.15,1.815,5879.7,7
0,2,0,159.96,1.8721,6484,7
0,2,0,147.91,1.6545,4737,7
0,2,0,157.22,1.7083,5667.7,7
0,2,0,171.28,1.8922,7905.1,7
0,3,1,148.87,1.6372,5111.1,7
2,0,2,134.56,1.2632,1841.4,8
1,1,1,122.98,1.1431,1721.8,8
2,0,2,137.94,1.2526,2444.6,8
2,0,2,137.43,1.3392,2618.8,8
2,0,2,141.06,1.3507,2055.1,8
2,0,2,136.73,1.2864,2217.6,8
2,0,2,126.64,1.2686,2122,8
2,0,2,135.52,1.2584,1997.3,8
2,0,2,126.06,1.2799,1997.8,8
2,0,2,121.42,1.2384,1917.8,8
2,0,2,131.89,1.2807,1846.4,8
2,0,2,135.29,1.2659,1992.7,8
1,1,1,134.32,1.2854,2131,8
2,0,2,130.58,1.2231,1619.7,8
2,0,2,128.97,1.3393,1957.8,8
2,0,2,134.54,1.2419,2050.5,8
1,1,1,190.94,1.9774,8075.1,8
2,0,2,133.56,1.265,1872.5,8
2,0,2,143.97,1.4314,2188.3,8
2,0,2,134.26,1.3099,1879.3,8
2,0,2,132.22,1.3628,1843.3,8
2,0,2,132.2,1.2643,2081.8,8
2,0,2,135.59,1.268,2173,8
2,0,2,129.52,1.2072,2127.8,8
2,0,2,127.38,1.2768,1909.9,8
2,0,2,138.21,1.3342,2691.4,8
2,0,2,139.13,1.3391,2498.1,8
2,0,2,129.44,1.2806,1817.1,8
2,0,2,137.32,1.2757,1898.1,8
2,0,2,136.9,1.381,2133.6,8
2,0,2,134.8,1.2565,1864.7,8
2,0,2,131.37,1.2292,1777.6,8
2,0,2,125.53,1.2712,1763.9,8
2,0,2,132.95,1.356,2153.7,8
2,0,2,136.71,1.2985,2043.1,8
2,0,2,130.88,1.3628,2055.5,8
2,0,2,132.08,1.3436,1913.8,8
2,0,2,137.15,1.3818,2300.6,8
2,0,2,133.88,1.2631,2044.2,8
2,0,2,128.34,1.3363,2415.1,8
2,0,2,132.83,1.3673,2100,8
2,0,2,125.39,1.2234,1671.2,8
1,1,1,190.54,1.877,8102.4,8
2,0,2,133.21,1.3403,2283.6,8
2,0,2,134.86,1.2556,2222.2,8
2,0,2,126.65,1.3011,1923.8,8
2,0,2,133.08,1.3298,1885.4,8
2,0,2,134.37,1.3063,1958.7,8
2,0,2,134.35,1.335,1932,8
2,0,2,139.7,1.3151,2066.6,8
2,0,2,132.89,1.2965,2076.6,8
2,0,2,140.55,1.3136,2327.4,8
2,0,2,131.67,1.3738,1992.5,8
2,0,2,135.58,1.3556,2056,8
2,0,2,132.72,1.2664,1747.7,8
2,0,2,132.94,1.301,1951.2,8
2,0,2,139.05,1.3929,2362.9,8
2,0,2,128.92,1.3298,1922.1,8
2,0,2,128.37,1.3276,1816.5,8
2,0,2,128.78,1.3203,1830.5,8
2,0,2,136.95,1.2936,2256.3,8
2,0,2,135.86,1.3409,2163,8
2,0,2,140.57,1.4029,2524,8
2,0,2,134.22,1.4024,2234.1,8
2,0,2,125.6,1.2254,1749.4,8
2,0,2,135.28,1.4067,2188.5,8
2,0,2,130.89,1.3341,1668.3,8
2,0,2,120.13,1.4083,2450.9,8
2,0,2,135.09,1.3516,2031,8
2,0,2,142.48,1.4456,2618.5,8
2,0,2,135.52,1.3222,1963.8,8
2,0,2,135.91,1.2766,2114.6,8
2,0,2,135.77,1.3223,2157.8,8
2,0,2,137.05,1.3661,2099,8
2,0,2,130.73,1.2361,1855.2,8
2,0,2,136.1,1.2798,1938.8,8
2,0,2,139.01,1.4253,2520,8
2,0,2,130.43,1.2688,1917,8
2,0,2,126.98,1.2809,1651,8
2,0,2,130.97,1.3288,1835.5,8
2,0,2,131.33,1.3501,2183.6,8
2,0,2,127.25,1.2837,2108.5,8
2,0,2,123.94,1.24,1710.5,8
2,0,2,133.25,1.3503,2140.5,8
2,0,2,128.78,1.2017,1649.8,8
2,0,2,130.2,1.2381,1786.5,8
2,0,2,131.88,1.3676,2079.7,8
2,0,2,149.78,1.4383,3298.1,8
2,0,2,131.15,1.3455,2211.3,8
2,0,2,132.42,1.2843,1909.6,8
2,0,2,130.58,1.3081,1888.4,8
1,1,1,204.35,2.0355,8672.4,8
2,0,2,133.13,1.349,2289.7,8
2,0,2,129.59,1.3457,1765.4,8
2,0,2,136.1,1.3239,1866.9,8
2,0,2,132.01,1.3385,2065.7,8
2,0,2,126.86,1.4004,2670.5,8
2,0,2,137.93,1.4004,2457.5,8
2,0,2,137.63,1.4409,2371.6,8
2,0,2,139.34,1.3258,2369.1,8
2,0,2,132.01,1.3191,1899.8,8
2,0,2,134.43,1.3132,2298.1,8
1,1,1,180.8,1.9304,8700.3,8
2,0,2,141.1,1.3849,2532.4,8
2,0,2,129.98,1.3407,2249.4,8
2,0,2,125.59,1.2801,2104.7,8
2,0,2,135.05,1.265,2251.8,8
2,0,2,136.83,1.3185,1918.8,8
2,0,2,136.2,1.3312,2239.2,8
2,0,2,131.5,1.3115,2063.9,8
2,0,2,131.47,1.239,1861.6,8
2,0,2,123.94,1.2809,1828.8,8
2,0,2,131.78,1.2728,2035.2,8
2,0,2,134.42,1.2475,2128.9,8
2,0,2,125.77,1.2795,1791.3,8
2,0,2,131.31,1.2646,1984.4,8
2,0,2,129.03,1.3399,1740.1,8
2,0,2,130.07,1.2504,1909.8,8
2,0,2,135.53,1.2888,1940.1,8
2,0,2,128.79,1.3503,1961.9,8
2,0,2,128.63,1.3439,1933.9,8
2,0,2,137.24,1.3528,2252.6,8
2,0,2,132.03,1.2999,1753.7,8
2,0,2,134.07,1.2489,1892,8
2,0,2,135.3,1.257,1848.1,8
2,0,2,126.04,1.2666,1692.1,8
2,0,2,132.15,1.2847,2083.9,8
2,0,2,127.63,1.2566,2098.9,8
2,0,2,132.9,1.3415,1871.1,8
1,1,1,131.8,1.3055,2636.7,8
2,0,2,132.44,1.3543,1942.2,8
2,0,2,130.08,1.2314,1876.7,8
2,0,2,133.32,1.3806,2400,8
2,0,2,131.93,1.2958,2035.8,8
2,0,2,136.28,1.3982,2337.2,8
2,0,2,128.96,1.2194,1778.3,8
2,0,2,138.28,1.3639,2915.5,8
2,0,2,136.95,1.2878,2010.8,8
2,0,2,138.63,1.3632,2542,8
2,1,3,128.67,1.2691,1728.2,8
2,0,2,132.99,1.3086,2066,8
2,0,2,131.95,1.2591,2395.1,8
2,0,2,133.06,1.3423,2114.7,8
2,0,2,140.42,1.3476,2450.2,8
2,0,2,126.49,1.2768,1847,8
2,0,2,130.51,1.2355,1776.6,8
2,0,2,132.27,1.2913,2050.7,8
2,0,2,133.47,1.2414,2036.6,8
2,0,2,132.03,1.2576,2090.1,8
2,0,2,139.82,1.4628,2377.9,8
2,0,2,127.81,1.3344,1988.1,8
2,0,2,134.31,1.3583,2068.6,8
2,0,2,138.44,1.4176,2797.9,8
2,0,2,131.92,1.3652,1860,8
2,0,2,125.83,1.2542,1852.2,8
2,0,2,122.45,1.3884,2048.9,8
2,0,2,128.67,1.1921,1902.6,8
2,0,2,131.55,1.3271,2967.9,8
2,0,2,125.05,1.3537,2248.2,8
2,0,2,134.75,1.2954,1751,8
2,0,2,131.26,1.2561,1709.9,8
2,0,2,126.53,1.3051,2250.4,8
2,0,2,129.3,1.3292,1907.4,8
2,0,2,133.4,1.2946,2121.6,8
2,0,2,135.41,1.392,2407.2,8
2,0,2,131.23,1.2743,1785.4,8
2,0,2,129.53,1.2791,1873,8
2,0,2,128.68,1.2866,1777.8,8
2,0,2,136.13,1.325,2154.7,8
2,0,2,140.3,1.4414,2520,8
2,0,2,136.02,1.3092,1783,8
2,0,2,138.97,1.309,2188.8,8
2,0,2,132.39,1.2878,1863.8,8
2,0,2,129.56,1.2529,2117.9,8
2,0,2,128.25,1.3282,1889,8
2,0,2,125.96,1.2863,1810.8,8
2,0,2,131.2,1.3399,2094.8,8
2,0,2,132.74,1.3859,1963.8,8
2,0,2,133.91,1.3785,1917.9,8
1,1,1,133.45,1.2214,2124.8,8
2,0,2,129.4,1.3303,2059.8,8
2,0,2,132.84,1.2778,1836.4,8
2,0,2,133.13,1.3139,1881,8
2,1,3,141.73,1.3762,2574,8
2,0,2,125.86,1.2323,1721.7,8
2,0,2,136.75,1.3639,2222.5,8
2,0,2,128.53,1.2608,2036.1,8
2,0,2,133.07,1.3528,1753.6,8
2,0,2,136.02,1.3408,2164.2,8
2,0,2,134.02,1.2658,1898.3,8
2,0,2,133.27,1.2933,1878.9,8
2,0,2,131.36,1.2855,1949.7,8
2,0,2,133.26,1.2524,1958.5,8
2,0,2,125.37,1.2631,2031.3,8
2,0,2,138.1,1.4569,2212.7,8
2,0,2,127.99,1.1936,1837.1,8
2,0,2,139.35,1.3297,2040,8
2,0,2,134.43,1.2969,2001,8
2,0,2,131.75,1.2854,1788.4,8
2,0,2,122.52,1.21,1654.7,8
1,1,1,134.63,1.5095,3598.9,9
1,1,1,136.94,1.4508,3536.4,9
1,1,1,161.78,1.6299,5845.3,9
1,1,1,133.49,1.4736,3724.8,9
1,1,1,166.55,1.8485,6782.3,9
1,1,1,127.23,1.4176,2834.1,9
1,1,1,135.26,1.4955,3592.4,9
1,1,1,134.37,1.4147,3335.6,9
1,1,1,133.86,1.4202,3675.3,9
1,1,1,137.62,1.4119,3772.1,9
1,1,1,138.82,1.5106,3958.1,9
1,1,1,138.65,1.4516,3776.5,9
1,1,1,145.48,1.5963,4437.1,9
1,1,1,134.11,1.3879,3158.1,9
1,1,1,143.33,1.5563,4119.7,9
1,1,1,137.38,1.4785,3882,9
1,1,1,149.53,1.5143,4363.9,9
1,1,1,139.19,1.3612,3415.8,9
1,1,1,143.3,1.4328,4601,9
1,1,1,128.47,1.4043,3095.1,9
1,1,1,134.92,1.559,3429.9,9
1,1,1,150.87,1.7024,4716.2,9
1,1,1,131.78,1.4214,3017.3,9
1,1,1,133.82,1.4001,3309.1,9
1,1,1,133.69,1.4163,3347.3,9
1,1,1,157.68,1.5896,5287.7,9
1,1,1,147.85,1.4239,3669.3,9
1,1,1,128.78,1.3672,2948.4,9
1,1,1,142.59,1.6193,4173.6,9
1,1,1,133.81,1.436,3300.5,9
1,1,1,151.74,1.6031,5137.8,9
1,1,1,133.62,1.3369,3103.3,9
1,1,1,171.52,1.6246,6554.3,9
1,1,1,139.1,1.4503,3412.5,9
1,1,1,134.43,1.3622,3336.5,9
1,1,1,137.99,1.4139,3552,9
1,1,1,153.56,1.6456,4823.1,9
1,1,1,138.09,1.465,3653.9,9
1,1,1,162.29,1.574,5573.3,9
1,1,1,148.7,1.5832,4722.3,9
1,1,1,145.88,1.6318,4727.1,9
1,1,1,137.76,1.4324,3896.6,9
1,1,1,129.54,1.2816,3024.6,9
1,1,1,141.81,1.4909,3927.7,9
1,1,1,141.49,1.4059,3506.9,9
1,1,1,135.03,1.4147,3033.3,9
1,2,2,159.6,1.609,5502.8,9
1,1,1,136.25,1.459,3523.1,9
1,1,1,144.8,1.5363,4127.4,9
1,1,1,162.79,1.7055,5963.3,9
1,1,1,133.13,1.337,2968.1,9
1,1,1,142.99,1.4406,4567.2,9
1,1,1,161.2,1.6694,5656.9,9
1,2,1,139.85,1.4582,3524.8,9
1,1,1,140.21,1.3898,3632,9
1,1,1,137.04,1.3789,3360.5,9
0,3,1,180.34,1.9743,10788,9
1,1,1,129.33,1.2915,2478.5,9
1,1,1,138.84,1.4761,3995.8,9
1,1,1,134.97,1.4289,3370.5,9
1,1,1,134.8,1.3402,3433.3,9
1,1,1,129.83,1.3527,2943.2,9
1,1,1,144.99,1.5826,4458.6,9
1,1,1,130.89,1.4853,3634.5,9
1,1,1,153.08,1.5492,5036.1,9
1,1,1,135.77,1.4374,3501.1,9
1,1,1,128.18,1.3031,2349.6,9
1,1,1,138.27,1.498,4050.6,9
1,1,1,137.61,1.4328,3886.5,9
1,1,1,141.53,1.5356,3979.1,9
1,1,1,177.47,1.7623,6732.4,9
1,1,1,140.49,1.4462,3752.2,9
1,1,1,157.77,1.5012,5613.3,9
1,1,1,133.36,1.37,3378,9
1,1,1,145.66,1.5146,3993.7,9
1,1,1,130.38,1.4867,3279.7,9
1,1,1,156.95,1.6855,5663,9
1,1,1,136.89,1.41,3564.5,9
1,1,1,136.79,1.3843,3384.3,9
1,1,1,141.98,1.501,3979.9,9
1,1,1,150.43,1.5107,4752.3,9
1,1,1,138.26,1.47,3464.5,9
1,1,1,130.21,1.3178,2708,9
1,1,1,134.67,1.3407,2783.5,9
1,1,1,123.24,1.4007,2867.4,9
1,1,1,164.8,1.5834,5914.6,9
1,1,1,154.88,1.4516,4985.4,9
1,1,1,141.46,1.4279,3822.6,9
1,1,1,131.6,1.3387,3078.5,9
1,1,1,134.14,1.4641,3608.5,9
1,1,1,141.35,1.401,3372.4,9
1,1,1,138.46,1.4113,3502.3,9
1,1,1,133.92,1.5646,3808,9
1,1,1,146.35,1.5638,4257.2,9
1,1,1,136.99,1.413,3650.4,9
1,1,1,142.02,1.4787,4026.3,9
1,1,1,155.01,1.6539,5159.2,9
1,1,1,140.26,1.5107,4096.7,9
1,1,1,132.52,1.4894,3423.6,9
1,1,1,139.85,1.5356,4077.8,9
1,1,1,148.13,1.685,4755.6,9
1,1,1,133.56,1.4292,3456.3,9
1,1,1,130.58,1.4415,3346.1,9
1,1,1,135.07,1.4371,3605.5,9
1,1,1,138.58,1.4429,3575,9
1,1,1,143.74,1.3731,3940.9,9
1,1,1,137.93,1.353,3194.8,9
0,3,1,186.31,1.9506,11687,9
1,1,1,135.33,1.3757,2986,9
1,1,1,133.81,1.5554,3787,9
1,1,1,131.91,1.3401,2746.5,9
1,1,1,135.1,1.4648,3662.7,9
1,1,1,130.7,1.4429,3076.4,9
1,1,1,138.72,1.5164,3861.4,9
1,1,1,142.37,1.539,4074.2,9
1,1,1,130.85,1.4303,3260.1,9
1,1,1,140.61,1.5475,4022.4,9
1,1,1,132.47,1.4196,3442.7,9
1,1,1,151.16,1.5427,4900.6,9
1,1,1,135.57,1.4373,4073.6,9
1,1,1,140.4,1.6306,3943.4,9
1,1,1,150.36,1.5034,4641.7,9
1,1,1,143.03,1.6139,4249.9,9
1,1,1,138.91,1.3811,3649.4,9
1,1,1,141.97,1.4683,3893,9
1,1,1,144.99,1.5849,4479,9
1,1,1,141.26,1.5666,4140.4,9
1,1,1,145.86,1.367,4350.2,9
1,1,1,159.36,1.6158,5586.5,9
1,1,1,148.45,1.6239,4380.4,9
1,1,1,135.17,1.5388,3747.2,9
1,2,2,149.89,1.6598,4528.6,9
1,1,1,133.38,1.5348,3755.5,9
1,1,1,133.56,1.3491,3302,9
1,1,1,138.65,1.4206,3690.1,9
1,1,1,128.23,1.3096,2741,9
1,1,1,161.5,1.5738,5848.8,9
1,1,1,144.51,1.5656,3954.6,9
1,1,1,142.1,1.5065,3962.7,9
1,1,1,149.63,1.5424,4258.5,9
1,1,1,135.95,1.4166,3366.2,9
1,1,1,130.93,1.2373,2435.2,9
1,1,1,144.71,1.4692,4203.4,9
1,1,1,135.72,1.4802,3505.5,9
1,1,1,137.22,1.509,3737.9,9
0,2,0,177.75,1.9489,9450.7,9
1,1,1,138.56,1.4826,3905.9,9
1,1,1,134.69,1.3383,3261,9
1,1,1,136.87,1.4184,3703.1,9
1,1,1,134.93,1.322,3476.3,9
1,1,1,128.59,1.2834,2595.6,9
0,2,0,195.86,2.062,8714.1,9
0,2,0,183.91,1.9764,9575.2,9
1,1,1,131.69,1.473,3127.8,9
0,2,0,138.73,1.3977,3486.4,9
1,1,1,134.6,1.5212,3870.8,9
1,1,1,135.19,1.3577,3049.2,9
1,1,1,137.19,1.4503,3740.5,9
1,1,1,137.5,1.4033,3465.9,9
1,1,1,152.53,1.4621,4580.2,9
1,1,1,127.37,1.4644,3225.8,9
1,1,1,134.48,1.3028,2915.8,9
1,1,1,146.49,1.4414,3786,9
1,1,1,127.08,1.325,2986.7,9
1,1,1,134.78,1.4249,3456,9
1,1,1,137.05,1.4428,3381.9,9
1,1,1,129.31,1.3777,2787.5,9
1,1,1,149.29,1.5022,4784.1,9
1,1,1,133.88,1.3462,3355.4,9
1,1,1,138.77,1.4818,3734.6,9
1,1,1,133.2,1.4648,3366.5,9
1,1,1,128.35,1.3319,2880.6,9
1,1,1,138.78,1.456,3590.4,9
1,1,1,134.81,1.3952,3344.9,9
1,1,1,132.16,1.5145,3410,9
1,1,1,138.72,1.3949,3507.9,9
1,1,1,147.71,1.5507,4393.1,9
1,1,1,136,1.4449,3362.5,9
1,1,1,135.04,1.3394,3242.8,9
1,1,1,131.89,1.3677,3047,9
1,1,1,140.51,1.5167,3837.2,9
1,1,1,150.59,1.4945,5004.6,9
1,1,1,154.22,1.542,4594.8,9
1,1,1,132.96,1.4197,3584,9
1,1,1,138.18,1.4291,3696,9
1,1,1,139.21,1.6154,4018.9,9
1,1,1,139.62,1.3856,3607.9,9
1,1,1,142.99,1.5214,4346.5,9
1,1,1,135.65,1.4621,3736.7,9
1,1,1,137.02,1.3466,3593.8,9
1,1,1,138.7,1.4778,3694.5,9
1,1,1,130.04,1.3643,2948.7,9
1,1,1,153.26,1.6677,5103.7,9
1,1,1,159.27,1.5835,5357.1,9
1,1,1,139.88,1.4757,3902.3,9
1,1,1,157.5,1.6558,5326,9
1,1,1,152.4,1.6203,5243.3,9
1,1,1,134.67,1.542,3766.8,9
1,1,1,142.93,1.4264,4118.3,9
1,1,1,133.92,1.5646,3808,9
